축제번호,축제명,소분류,개최장소,축제 기간,축제내용,주관기관,지역 코드
F0001,2018 제2회 광진교 페스티벌,문화,광진교,8,청소년 페스티벌| 연날리기| 무대공연| 버스킹| 아트마켓| 완구거리| 푸드트럭| 기타 체험부스 등,서울특별시 광진구청,A01
F0002,2018 제8회 광나루 어울마당,문화,어린이대공원,9,주민자치경연대회| 평생학습동아리 발표회| 청소년 페스티벌| 체험| 판매| 홍보| 먹거리 부스 등,서울특별시 광진구청,A01
F0003,2019 강남페스티벌,문화,강남구 전역,9,개막제| K-POP 콘서트 등,강남구,A01
F0004,2019 강남페스티벌 패션쇼,문화,도산공원,9,패션축제를 통한 지역경제 활성화 유도,강남문화재단,A01
F0005,2019 동작복지나눔축제,복지,숭실대학교,8,사회복지의 날 기념식| 복지나눔콘서트| 오색복지 체험·나눔부스 등,동작구지역사회보장협의체·축제추진위원회,A01
F0006,2019 서울센터 네트워크파티 ''가가호호'',기술,미정,12,한해 사업을 결산하고 평가하여 내년도 사업의 방향과 토대를 마련. 센터 이요자와 관계자 등과 감사를 표하고 네트워킹의 장 제공,시청자미디어재단 서울시청자미디어센터,A01
F0007,2019 서울인라디오,미디어,홍대 걷고싶은 거리,9,서울 시민의 방송참여 기회 확대 및 마을미디어·공동체라디오 활성화 도모,시청자미디어재단 서울시청자미디어센터,A01
F0008,2019 제8회 서울동화축제,문화,어린이대공원,5,동화를 테마로 한 전시·공연·체험·구연동화 및 각종 이벤트 개최,서울동화축제위원회,A01
F0009,2019해우리문화축제,문화,양천공원,9,반려예술|반려식물존 구성으로 반려문화 한마당 개최,코피플랜,A01
F0010,365일 펀앤판 강남,예술,"강남역, 코엑스 등",4,탑싱아| 댄스킹| G스타킹| 거리버스킹| 청춘밴드| LIVE연가| 거리예술마당| 외국인공연단,서울특별시 강남구,A01
F0011,4.19혁명 국민문화제 2019,역사,서울특별시 강북구 국립4.19 민주묘지 및 강북구 일원,4,4.19기념 국민문화제,4.19혁명 국민문화제위원회,A01
F0012,C-festival 2019,문화,코엑스 영동대로,5,인사이트 콘서트| 잇더서울| Craft Beer Festival 등,코엑스,A01
F0013,K-POP 뮤직페스티벌,문화,코엑스 광장,5,상시 K-POP 공연,강남구,A01
F0014,K-POP광장 야외시네마,문화,코엑스 K-POP광장,4,야외시네마 및 부대행사,강남구,A01
F0015,강감찬축제,역사,낙성대공원 일대,10,강감찬 장군 출병식 및 전승행렬 거리 퍼레이드| 고려마을 테마 체험부스| 강감찬 장군 추모제향 등 다채로운 행사 진행,관악구,A01
F0016,강동선사문화축제,역사,서울 암사동 유적,10,신석기시대 체험 축제,강동구청,A01
F0017,개화산 봄꽃축제,꽃놀이,방화근린공원,4,건강걷기| 지역예능인한마당| 플라워 콘서트,강서문화원,A01
F0018,구로G페스티벌,문화,서울특별시 구로구 안양천 둔치,9,구민이 주체가 되어 자발적으로 참여하는 구로구민을 위한 축제,구로구,A01
F0019,금천하모니벚꽃축제 2019,꽃놀이,금천구청 광장 및 안양천변,4,개막공연(금나래의전설)| 꽃길만 걷자(아트브리지| 빛아트 등)| 금천하모니오케스트라| 우리동네 슈퍼스타| 하모니벚꽃장 등,금천하모니벚꽃축제거버넌스,A01
F0020,내 집 앞 세계영화제,미디어,강남구 전역,3,주민생활 공간 곳곳에서 세계영화 상영,강남구,A01
F0021,노원등축제,문화,어린이교통공원 아래 당현천,4,등|빛 작품 전시| 체험프로그램| 먹거리|전시 부스 운영 등,노원문화원,A01
F0022,노원탈축제,문화,롯데백화점 ~ 순복음교회 사이 도로(노해로),10,19개동마을축제| 생활예술동아리 축제| 탈퍼레이드| 특화사업| 축하공연| 체험부스| 마들탈가요제 등,노원탈축제추진위원회,A01
F0023,동작가족한마음축제,가족,보라매공원,10,구민체육대회| 축하공연| 동작가족미니랜드| 주민체험부스 운영 등,동작가족한마음축제 추진위원회,A01
F0024,동작구 도서관 축제,독서,보라매공원,10,도서관 홍보| 도서전시| 공연| 체험프로그램 운영 등,동작구 교육정책과,A01
F0025,롤링나이트 2019,문화,코엑스 K-POP광장,6,야외롤러장| 부대행사,코엑스,A01
F0026,방아다리벗꽃축제,꽃놀이,신월5동,4,벗꽃 풍경이 멋진 방아다리길에서 마을주민축제개최,벗꽃축제추진위,A01
F0027,봉황각 3.1독립운동 재현행사,역사,서울특별시 강북구 우이동 봉황각 일원,3,도선사 타종  독립선언문 낭독  길놀이 및 태극기 거리행진,서울특별시 강북구청,A01
F0028,서대문독립민주축제,역사,서대문형무소역사관,8,풋프린팅|역사콘서트|체험프로그램 등,서울특별시 서대문독립민주축제추진위원회,A01
F0029,서울약령시 한방문화축제,문화,서울약령시 약령문 거리,5,보제원제향| 한방사랑시민걷기대회 및 각종 한방체험,(사)서울약령시협회,A01
F0030,서울장미축제,꽃놀이,서울장미공원,5,장미개화시기에 맞춰 중랑천 둔치| 수림대 공원에서의 특설 무대 공연| 포토존| 조각전 등 5.15km 장미터널을 활용한 서울대표문화축제,중랑구,A01
F0031,석촌호수벚꽃축제,꽃놀이,석촌호수 일대,4,벚꽃조명길| 벚꽃은하수길| 벚꽃체험| 벚꽃프린지| 벚꽃음악회| 벚꽃시네마| 푸드트럭 등,서울특별시 송파구,A01
F0032,선농대제,역사,선농단,4,제례봉행| 설렁탕나눔행사,동대문문화재단,A01
F0033,세계 민속춤 축제,문화,왕십리 광장,9,세계 각국의 신명나는 민속춤 공연을 통해 구민들에게 힐링의 시간을 제공,서울특별시 성동구청,A01
F0034,세계거리춤축제,문화,장한로,9,세계거리춤공연| 주민참여무대| 각종춤경연,(사)세계거리춤축제위원회,A01
F0035,용마폭포 문화예술축제,자연,용마폭포공원,10,클래식| 성악 등 가을 분위기에 어울리는 공연 및 각종 체험행사 등,중랑구,A01
F0036,우장산 신록축제,꽃놀이,우장산근린공원,5,건강걷기| 주민참여마당| 숲속음악회,강서문화원,A01
F0037,은평누리축제,문화,"역촌역 평화공원, 불광천수변무대, 은평문화예술회관 등",10,문화공연| 체험부스 등,은평구,A01
F0038,응봉산 개나리축체,꽃놀이,서울특별시 성동구 응봉동 응봉산,3,구민이 주체가 되어 자발적으로 참여하는 성동구민을 위한 축제,서울특별시 성동구청,A01
F0039,응봉산 해맞이축제,해돋이,서울특별시 성동구 응봉동 응봉산,1,신년 북 다고| 새해 덕담| 해돋이 감상,서울특별시 성동구청,A01
F0040,인디스트리트 생활음악페스티벌''뮤직스트릿 파티'',문화,"연신내 물빛공원, 차없는 거리",8,문화공연| 길놀이단| 체험부스 등,은평구,A01
F0041,정월대보름 행사,보름달맞이,안양천변 축구장(신정교아래),2,정월대보름 행사 (풍물놀이| 민속놀이체험| 달집태우기| 불꽃놀이| 먹걸이장터등),서울특별시 양천문화원,A01
F0042,정조대왕 능행차 공동재현,역사,시흥IC~시흥행궁,10,의궤복원 프로그램(행렬| 격쟁 등)| 주요행사(전통공연| 체험프로그램)|주민환영행사프로그램(구민퍼레이드| 향토문화축제 등),금천구,A01
F0043,제15회 영등포 여의도 봄꽃축제,꽃놀이,여의서로 일대(국회의사당 뒤편),4,공연| 문화| 전시| 체험,영등포문화재단,A01
F0044,제7회 도심 속 바다축제,바다,노량진수산시장 일대,10,바다콘서트| 맨손활어잡기| 모의경매| 루프탑 파티| 먹거리장터 등,동작구축제추진위원회,A01
F0045,종교연합바자회,종교,서울특별시 강북구 한신대신학대학원,10,종교연합 바자회 기증물품 판매  문화공연  수익금전액 난치병어린이돕기 후원,서울특별시 강북구 관내 3종교연합,A01
F0046,청룡문화제,미디어,용두근린공원,10,제례봉행| 어가행렬,서울특별시 동대문문화원,A01
F0047,크리스마스거리축제,문화,연세로,12,경관조명|거리공연|체험부스,서울특별시 서대문구,A01
F0048,태강릉 문화제,역사,"태릉, 경춘선 숲길 화랑대 철도공원",4,어가행렬| 각종공연| 체험프로그램 등,노원문화원/조선왕릉문화벨트 콘텐츠활용사업추진단,A01
F0049,태조 이성계 축제,역사,"살곶이체육공원, 살곶이다리",10,역사적 인물 ''''''''''''''''''''''''''''''''''''''''''''''''''''''''''''''''이성계''''''''''''''''''''''''''''''''''''''''''''''''''''''''''''''''와 ''''''''''''''''''''''''''''''''''''''''''''''''''''''''''''''''사냥''''''''''''''''''''''''''''''''''''''''''''''''''''''''''''''''의 전통성을 살린 사냥행차 거리 퍼레이드로 진행되는 지역축제,성동문화재단,A01
F0050,한성백제문화제,역사,올림픽공원 일대,9,역사문화거리행렬| 한성백제체험마을| 한성백제갈라퍼레이드| 개폐막식 등 축하공연| 한성백제 성곽돌기| 각종 체험행사 등,한성백제문화제추진위원회,A01
F0051,한여름 밤의 페스티벌,여름,신정여자상업고등학교,8,각종 가수 초청 공연,강서문화원,A01
F0052,해맞이축제,해돋이,개화산 정상,1,소망엽서 보내기| 문화공연| 해오름 행사,서울특별시 강서구청,A01
F0053,허준축제,역사,허준근린공원,10,개막식| 허준콘서트| 전국허준가요제| 먹거리장터| 각종 체험부스 등,강서문화원,A01
F0054,2019 금정산성축제,역사,"온천천(장전역 ~ 부산대지하철역), 금정산성다목적광장 일원",5,개막식| 공연·체험 프로그램| 부대행사 등,금정문화재단,B01
F0055,2019 마을미디어축제 (예정),미디어,부산시청자미디어센터,12,부산·경남·제주지역 마을미디어 활동가 및 강사가 함께하는 교류 행사,시청자미디어재단 부산시청자미디어센터,B01
F0056,2019 산해진미프로젝트_사량도 청소년 여름방학캠프,청소년,"사량초등학교, 사량중학교",8,사량초중학교 청소년대상 여름방학 영상제작 집중 캠프,시청자미디어재단 부산시청자미디어센터,B01
F0057,2019 오륙도 평화축제,역사,평화공원(대연동),10,무대공연| 부대행사| 오륙도 평화가족가요제,부산광역시 남구,B01
F0058,2020년 제16회 해운대모래축제,바다,해운대 해수욕장,5,모래작품 전시 및 체험| 거리퍼레이드| 다양한 공연 등,(사)해운대문화관광협의회,B01
F0059,감천문화마을 골목축제,먹거리,감천문화마을 일원,4,골목나라퍼레이드|청소년프린지어워드| 골목노래자랑| 마을연극 등,(사)감천문화마을 주민협의회,B01
F0060,광복로연등문화제,역사,광복로 및 광복중앙로 일원,4,장엄등 및 거리등 전시,부산중구불교연합회,B01
F0061,낙동강유채꽃 축제,꽃놀이,대저생태공원,4,유채꽃 관람 체험 및 공연프로그램 등,(사)부산문화관광축제조직위원회,B01
F0062,동래읍성역사축제,역사,"동래문화회관,읍성광장,온천장 일원",10,동래부사행차 길놀이|동래성 전투 실경 뮤지컬|동래세가닥줄다리기|동래온천용왕제길놀이|동래장터 체험 등,동래읍성역사축제추진위원회,B01
F0063,동삼풍어제,먹거리,동삼동 하리항 입구 선착장,4,지신밟기| 바라품| 개회식| 살풀이등 풍어제| 12계단 작두,동삼어촌계 풍어제추진위원회,B01
F0064,발복기원제,문화,봉래산 헬기장,6,개회식| 기원제| 길놀이| 의식공연| 음복례 등,봉래산발복기원제추진위원회,B01
F0065,보수동책방골목문화축제,독서,보수동책방골목 및 문화관,10,책읽는마을 심포지엄/공연행사/체험 등,보수동 책방골목 번영회,B01
F0066,부산 2019 장애인미디어축제 ''배프 in BIFF'',미디어,부산 센텀시티 내 배리어프리존 일대,10,배리어프리 극장(영화/연극/뮤지컬)| 콘서트(음악| 미디어아트| 드림페스티벌)| 거리축제(각종 체험부스),센텀시티배리어프리존 운영위원회,B01
F0067,부산 2019 합천청소년 미디어영상캠프,청소년,경남 합천청소년수련관 일대,7,영상에 관심있는 경남 중고등학생 30여명이 함께 2박3일간 영상을 제작하는 집중교육,시청자미디어재단 부산시청자미디어센터,B01
F0068,부산 차이나타운특구 문화축제,문화,"부산역 광장, 차이나타운특구 일원",10,볼거리| 먹거리| 체험 프로그램 구성|중국문화원| 중국유학생 등 다양한 채널을 통한 중국전통공연과 한국을 대표할 수 있는 문화공연 및 체험 등 배치,부산차이나타운축제추진위원회,B01
F0069,부산고등어축제,먹거리,송도해수욕장 및 부산공동어시장 일원,10,개막행사| 맨손 고등어잡기| 고등어 캐릭터 전시판매관| 고등어 주제공연| 전국 고등어요리 경연| 바다사랑 문예창작대회| 먹거리 한마당 등,(사)부산서구문화원,B01
F0070,부산국제록페스티벌,문화,삼락생태공원,7,국내외 록밴드 라이브공연,(사)부산문화관광축제조직위원회,B01
F0071,부산국제영화제 전야제,미디어,BIFF광장 및 광복로 등,10,핸드프린팅 개봉/축하공연,(사) 부산국제영화제,B01
F0072,부산바다축제,바다,부산5개해수욕장,8,개막행사 물의난장 음악공연 등,(사)부산문화관광축제조직위원회,B01
F0073,부산불꽃축제,문화,광안리해변,11,해외초청 불꽃쇼| 첨단멀티 불꽃쇼,(사)부산문화관광축제조직위원회,B01
F0074,부산시민의종 타종식,문화,용두산공원,12,시민의종 타종| 문화공연,(사)부산문화관광축제조직위원회,B01
F0075,부산자갈치축제,먹거리,자갈치시장 및 유라리광장 일원,10,개막식| 길놀이| 체험프로그램등,(사)부산자갈치문화관광축제위원회,B01
F0076,부산크리스마스트리문화축제,문화,광복로 및 중구 관내 일원,11,일루미네이션 크리스마스트리장식/성탄음악행사/시민참여행사/점등식 등,(사) 부산기독교총연합회,B01
F0077,부산크리스마스트리축제,문화,광복로일원,11,트리점등식 문화공연| 사랑나눔행사,크리스마스트리축제위원회,B01
F0078,부산항축제,문화,북항 및 국립해양박물관 일원,5,부산항불꽃쇼| 부산항투어| 해양레저체험 등,(사)부산문화관광축제조직위원회,B01
F0079,서면메디컬스트리트 축제,기술,서면메디컬스트리트 일대,11,개막행사| 의료체험| 문화체험| 연계행사 등,부산광역시 부산진구청,B01
F0080,영도구룡축제,문화,동삼1동 주민센터 및 영도여고 뒤편 함지로 일원,3,각종 문화공연| 구룡가요제| 벚꽃길 걷기대회| 전시| 체험부스 운영 등,영도구룡축제추진위원회,B01
F0081,영도다리 만남의 축제,문화,유라리광장,11,축하공연| 소방정분수쇼 등 시민과 관객을 위한 문화행사,부산중구청,B01
F0082,원도심활성화 축제,문화,원도심,5,원도심 야경투어및 관광명소 탐방,(사)부산문화관광축제조직위원회,B01
F0083,전포카페거리축제,문화,전포카페거리 일원,10,개막식|퍼레이드|버스킹|체험 이벤트|  아트마켓 등,부산광역시 부산진구청,B01
F0084,제 10회서면우리문화축제,문화,부산시민공원 국립아트센터 부지,4,전통|창작 공연| 전통 놀이·체험| 민속품 전시| 부대행사 등,부산광역시 부산진구청,B01
F0085,제11회 삼락벚꽃축제,꽃놀이,삼락생태공원,3,삼락벚꽃축제,삼락동,B01
F0086,제14회 수국꽃 문화축제,꽃놀이,태종대 내 태종사 일원,6,개막식| 수국꽃 관람| 꽃밭포토존| 꽃밭버스킹| 꽃밭냉면시식회| 힐링체험프로그램(6종)| 아트(프리)마켓 운영,수국축제추진위원회,B01
F0087,제15회 부산국제매직페스티벌,미디어,"영화의전당, 구남로일원, 시청자미디어센터",6,개막행사| 국제마술대회| 매직갈라쇼 등(축제일정은 미확정),부산국제매직페스티벌조직위원회,B01
F0088,제15회 부산국제어린이청소년영화제,청소년,영화의전당,7,청소년 영화 상영 등(축제일정은 미확정),(사)부산국제어린이영화제조직위원회,B01
F0089,제15회 차성문화제,역사,기장중학교 일원,10,전통문화체험| 차성가 연극 및 공연| 차성가 콘서트 등,차성문화제추진위원회,B01
F0090,제16회 부산세계불꽃축제,문화,"마린시티, 동백섬, 광안리해수욕장",11,광안대교를 배경으로 부산만의 특화된 불꽃축제(축제일정은 미확정),(사)부산문화관광축제조직위원회,B01
F0091,제18회 사상강변축제,예술,삼락생태공원,3,사상강변축제,사상문화원,B01
F0092,제19회 사상전통달집놀이,역사,삼락생태공원,2,사상전통달집 놀이,사상문화원,B01
F0093,제20회광안리어방축제,바다,광안리해변 일원,4,뮤지컬어방| 경상좌수사행렬| 어방그물끌기 한마당| 진두어화| 어방민속마을 등 6개분야 40종목,수영구축제위원회,B01
F0094,제24회 부산국제영화제 커뮤니티 비프,미디어,부산 중구 및 해운대구 일대,10,동형 방송스튜디오(미디어나눔버스)를 활용한 FM라디오 방송 진행,시청자미디어재단 부산시청자미디어센터,B01
F0095,제25회 부산국제영화제,미디어,영화의전당 등,10,제25회 부산국제영화제(축제일정은 미확정),BIFF조직위원회,B01
F0096,제25회 부산바다축제,바다,해운대해수욕장 등,8,개막행사| 체험행사| 공연행사 등(축제일정은 미확정),(사)부산문화관광축제조직위원회,B01
F0097,제25회 송정해변축제,바다,송정해수욕장,8,축하공연| 해변가요제 등(축제일정은 미확정),송정축제조직위원회,B01
F0098,제27회 영도다리축제,역사,"봉래동물양장, 깡깡이마을 일원",10,개막주제공연| 축하공연| 불꽃쇼| 퍼레이드| 깡깡이 걷기대회 등,영도문화원,B01
F0099,제2회 연제고분판타지축제,만화,온천천시민공원,9,왕가의 행렬| 왕가의 부활 및 귀환| 전시행사| 문화공연| 체험행사 등,연제구 축제추진위원회,B01
F0100,제33회 해운대북극곰수영축제,운동,해운대 해수욕장,1,전야제| 북극곰수영,부산일보사,B01
F0101,제38회 해운대달맞이온천축제,바다,해운대 해수욕장,2,해운대 월출과 온천을 소재로 민속축제를 계승 재현,해운대지구발전협의회,B01
F0102,제4회 라라라 페스티벌,문화,부산대 지하철역 아래 문화행사장 일원 (온천천 어울마당),10,금정 커피|빵|문화의 맛 즐기기 및 공연 등 문화공간 제공,부산광역시 금정구,B01
F0103,제5회 강서낙동강 30리 벚꽃축제,꽃놀이,대저생태공원,3,문화행사| 전시체험행사| 노래자랑| 걷기대회 등,부산광역시 강서구,B01
F0104,제9회 낙동강 구포나루 축제,문화,화명생태공원 선착장 일원,5,감동 민속촌/밀사리체험/바비큐체험/구포국수체험 등,(사)북구문화관광축제조직위원회,B01
F0105,제9회 부산진구 북페스티벌,문화,부산시민공원 다솜관,9,인형극| 전시행사| 체험행사| 부대행사,부산광역시 부산진구청,B01
F0106,조선통신사 축제,역사,용두산공원 및 광복로 일원,5,광장행사| 조선통신사 평화의 행렬| 조선통신사의 밤| 한일거리예술공연 등,(재)부산문화재단,B01
F0107,조선통신사 축제,역사,"광복로일원, 용두산공원",5,조선통신사 행렬재현| 마상재| 新조선통신사 프로그램 등,부산문화재단,B01
F0108,해운대 북극곰축제,바다,해운대해수욕장,1,겨울바다 수영입수식 및 축하공연 버스킹 등,부산일보,B01
F0109,현인가요제,문화,송도해수욕장 일원,8,개막행사| 현인가요제 전야제| 현인가요제 본선,(사)한국연예예술인협회,B01
F0110,「제34회 대구약령시 한방문화축제」,문화,약령시(약전골목) 일원,5,경연| 참여| 체험| 전시| 공연| 먹거리 등,(사)약령시보존위원회,C01
F0111,「제37회 대구약령시 한방문화축제」,문화,약령시(약전골목) 일원,10,경연| 참여| 체험| 전시| 공연| 먹거리 등,(사)약령시보존위원회,C01
F0112,2019컬러풀대구페스티벌,문화,국채보상로(서성네거리~종각네거리),5,퍼레이드|거리예술제|예술장터 등,(재)대구문화재단,C01
F0113,가족사랑 아이스축제,가족,이현공원물놀이장,7,온가족 참여 체험 프로그램| 플리마켓 및 체험부스 등,공모 선정,C01
F0114,고3문화축제,문화,계명문화대학교 실내체육관,12,초청공연| 학교별 장기자랑| 감사편지 낭독 등,달서구청소년수련관,C01
F0115,고모령 가요제,문화,수성못 상화동산,8,예선 및 본선| 축하공연,수성문화원,C01
F0116,구민화합 한마당,문화,지저동 금호강 둔치,3,주민자치프로그램경연대회|체육대회|축하음악회,대구광역시 동구청,C01
F0117,국제보디페인팅축제,문화,코오롱야외음악당,8,바디페인팅 부문 경연| 바디페인팅 사진 전시| 각종 홍보관 등,DIBF 조직위원회,C01
F0118,금호강 바람소리길 축제,문화,금호강변(산격대교 하단 둔치),9,테마공연| 체험형 메인프로그램|수상프로그램|어린이체험프로그램|지역복지박람회 등,북구청 문화예술과,C01
F0119,금호강 정월대보름 축제,문화,금호강변(산격대교 하단 둔치),2,달집태우기행사|풍물놀이|소원지봉헌등,북구청 문화예술과,C01
F0120,김광석노래부르기,예술,신천둔치(대봉교아래),9,노래경연| 초청가수콘서트| 부대행사,대구문화방송㈜,C01
F0121,김광석추모콘서트,예술,김광석길야외콘서트홀,1,초청가수콘서트,대봉문화마을협의회,C01
F0122,달구벌목민관축제,문화,서구 일대,10,달구벌목민관 부임 행차 퍼레이드 등,서구청,C01
F0123,달배달맞이축제,해돋이,월광수변공원,2,민속놀이마당| 체험마당| 소원지 작성| 축하마당| 기원마당 등,달서구문화원,C01
F0124,달서가족축제,가족,호림강나루공원,5,개회식| 명랑경기| 가족미션경기| 화합마당| 부대행사 등,대구광역시 달서구여성단체협의회,C01
F0125,달서구평생학습대축제,교육,옛 두류정수장,9,주민자치센터 경연대회| 평생학습동아리 작은 발표회| 체험·홍보 부스| 작품전시| 어린이 사생실기대회| 청소년 끼흥한마당 등,달서구,C01
F0126,달성토성마을축제,문화,달성토성 둘레길,4,골목정원투어| 거리 퍼레이드 등,달성토성마을골목축제 조직위원회,C01
F0127,대구 근대路야행,문화,근대골목 일원(청라언덕~계산성당~약령시한의약박물관),8,문화(재)시설 오픈하우스| 전시| 공연| 체험| 강좌| 투어 등,대구광역시 중구,C01
F0128,대구 근대路야행(2회),문화,청라언덕,9,문화(재)시설 오픈하우스| 전시| 공연| 체험| 강좌| 투어 등,대구광역시 중구,C01
F0129,대구 글로벌게임문화축제 e-Fun,미디어,동성로 야외무대 및 도심일원,8,게임영상콘서트| 국내외 메이저 기업 & 중소기업 전시관| 한중게임문화축제| 아이디어 피칭|도심RPG,(재)대구디지털산업진흥원,C01
F0130,대구국제뮤지컬페스티벌,문화,대구 주요 공연장 및 시내 전역,6,공식초청작| 특별공연| 창작지원작| 대학생뮤지컬페스티벌 등,㈔대구국제뮤지컬페스티벌,C01
F0131,대구국제오페라축제,예술,"대구오페라하우스, 수성못, 어울아트센터 등",9,메인오페라| 소극장오페라| 프레콘서트| 수상음악회 등,(재)대구오페라하우스,C01
F0132,대구국제재즈축제,예술,"수성못 상화동산, 수성아트피아 등",9,재즈매니아| 실용음악콩쿠르| 프린지공연 등,대구국제재즈축제조직위원회,C01
F0133,대구국제패션문화페스티벌,예술,대구삼성창조캠퍼스,10,국제문화패션쇼| 섬유패션 파사드 전시| 미디어 퍼포먼스 공연,한국패션산업연구원,C01
F0134,대구국제호러페스티벌,문화,대구스타디움 시민광장,8,거리극페스티벌| 호러연극제| 부대행사(좀비런),대구호러공연예술제조직위원회,C01
F0135,대구스트리트 모터 페스티벌,기술,남산동 자동차골목,10,자동차전시| 레이싱모델쇼| 공연 등,남산동자동차골목상점가상인회,C01
F0136,대구약령시한방문화축제,문화,약령시(약전골목) 일원,5,고유제| 개막식| 한방 관련 전시?문화?경연?공연?체험 프로그램,(사)약령시보존위원회,C01
F0137,대구워터페스티벌,문화,북성로 공구골목 일원,7,물총놀이| 무대행사| 푸드트럭| 플리마켓| 주민쉼터 등,문화기업 더스타일,C01
F0138,대구치맥페스티벌,먹거리,두류공원일원,7,치킨과 맥주 행사에 걸맞는 각종 무대행사와 전시행사,대구치맥페스티벌조직위원회,C01
F0139,대구포크페스티벌,먹거리,코오롱야외음악당,7,국내외 정상급 포크 공연,(사)대구포크페스티벌,C01
F0140,대구화교중화문화축제,문화,종로 화교소학교 및 화교거리,8,무대행사 및 거리행사| 전시행사 등,대구화교협회,C01
F0141,동성로축제,문화,동성로 야외무대,5,개막식| 동성로가요제| 커버댄스| DJ페스티벌,사)달성문화선양회,C01
F0142,동아시아보자기페스티벌,문화,대구삼성창조캠퍼스,9,섬유작품 및 전시| 버스킹공연| 전시.체험 등,(재)대구문화재단,C01
F0143,두류 젊음의 거리 2019 달서 맛 페스티벌,먹거리,두류 젊음의 거리,10,로드펍(Road Pub)| 버스킹 공연| 청년 창업 컨설팅| 먹거리골목 대표음식 및 웰빙푸드 전시관 운영 등,(사)한국외식업중앙회 대구달서구지부,C01
F0144,미소&행복 구민축제,문화,구민운동장,10,구민화합경기| 구민가요제 등,서구문화원,C01
F0145,방천골목오페라축제,예술,방천골목,6,야외실경오페라| 아마추어칸초네경연대회| 갈라콘서트,방천골목오페라추진위원회,C01
F0146,봉산도예전,역사,봉산문화거리,4,도예전시 및 부대행사,봉산문화협회,C01
F0147,봉산미술제,예술,봉산문화거리,10,화랑기획전 및 부대행사,봉산문화협회,C01
F0148,상화문학제,예술,수성못 상화동산,5,상화백일장| 상화문학의밤 등,수성문화원,C01
F0149,선사문화축제,역사,한샘공원,5,선사문화 원시인 거래퍼레이드| 선사테마| 야생체험| 선사프리마켓| 선사인 무용제| 도심속 선사음악회 등,세종문화재연구원,C01
F0150,수성 건강 축제,운동,대구스타디움 서편광장,8,테마별 건강체험관 운영,수성구 보건소,C01
F0151,수성못 페스티벌,문화,"수성못,들안길,수성아트피아",9,수성못 주제 프로그램| 들안길 푸드 페스티벌 등,(재)수성문화재단,C01
F0152,약령개장 357주년 2015「대구약령시 한방문화축제」,문화,약령시(약전골목) 일원,4,경연| 참여| 체험| 전시| 공연| 먹거리 등,(사)약령시보존위원회,C01
F0153,용암산성 옥샘문화재,역사,불로천 다목적광장,10,옥천제| 사생대회| 끼페스티벌| 문화행사 등,용암산성옥샘문화제추진위원회,C01
F0154,장미꽃 필(feel)무렵,꽃놀이,이곡장미공원,5,콘서트(7080콘스트| 뮤지컬갈라| 브라질 재즈)| 더 파티인 로즈가즌(이웃주민 공연| 버스킹| 퍼포먼스 등)| 향기가득 부스워트(장미관련 체험| 로즈뷰티| 먹거리존 등)| 포포존| 관객참여 피아노공연| 아트풍선 등,(재)달서문화재단,C01
F0155,전국민속 소싸움 달성대회,문화,국립대구과학관옆 체육시설부지,4,200여두 출전,달성소싸움협회,C01
F0156,정월대보름 달맞이 행사,보름달맞이,금호강 둔치,2,달집태우기| 노래자랑| 풍물| 쥐불놀이 등,안심백인청년회,C01
F0157,정월대보름 달맞이문화제,보름달맞이,달성보 일원,3,기원제| 달집태우기| 축하공연 등(올해는 조류독감으로 미개최),달성문화원,C01
F0158,정월대보름 문화행사,보름달맞이,대구스타디움 서편광장,2,달집태우기| 전통민속놀이 등,고산농악보존회,C01
F0159,정월대보름달맞이축제,보름달맞이,신천변 생활체육광장,2,달집태우기| 민속놀이| 먹거리 등,민주평화통일자문회의중구지회,C01
F0160,제14회 신천돗자리음악회,문화,신천둔치 중동교남편,7,공감콘서트|신천돗자리가요제|폭염이벤트|건강체험부스 등,남구문화행사추진원회,C01
F0161,제1회 북성로 축제,역사,북성로 공구골목 일원,10,부스프로그램| 북성로 공업소 투어| 오픈 스튜디오(작가 공방 오픈)| 거리전시 및 공연,(사)시간과공간연구소,C01
F0162,제27회 대구 앞산 축제,자연,"대구앞산빨래터공원, 앞산맛둘레길일대",4,손빨래체험|손빨래 퍼포먼스|거리퍼레이드|펫퍼레이드|체험부스|초청가수공연|버스킹|플리마켓|연계행사,남구문화행사추진원회,C01
F0163,제2회 북성로 축제,예술,북성로 공구골목 일원,10,부스프로그램| 북성로 공업소 투어| 오픈 스튜디오(작가 공방 오픈)| 거리전시 및 공연,훌라,C01
F0164,중구미술협회전,예술,봉산문화회관 전시실,10,중구미술협회작가 전시,중구미술협회,C01
F0165,천을산 해맞이,해돋이,천을산 정상,1,새해메세지| 대북타고| 해오름 함성 등,(재)수성문화재단,C01
F0166,팔공산 단풍축제,가을,동화지구 분수대광장,10,단풍길 걷기| 단풍가요제 등,팔공산 단풍축제추진위원회,C01
F0167,팔공산 벚꽃축제,꽃놀이,동화지구 분수대광장,4,벚꽃가요제| 봄나물비빔밥 축제 등,팔공산 벚꽃축제추진위원회,C01
F0168,팔공산 산중전통장터 승시,역사,팔공산 동화사 경내,10,산중 생활용품 물물교환 풍속 재연| 불교예술 공연 및 경연| 전통문화 등 놀이 체험| 산중음식 체험| 세계 불교문화 체험 등,(사)대구음식문화포럼,C01
F0169,해맞이 행사,해돋이,오봉산 등,1,새해 소원빌기 행사| 새해안녕기원행사|해맞이공연| 먹거리제공 등,북구청 문화예술과,C01
F0170,해맞이행사,해돋이,동촌유원지 해맞이 공원,1,신년메시지|연날리기|무대공연등,대구광역시동구문화재단,C01
F0171,향촌동수제화골목 2014년「빨간구두 이야기」,예술,향촌동수제화골목 일원,11,무대행사| 체험행사| 부대행사 등,대구광역시 수제화협회,C01
F0172,향촌동수제화골목 2015년「빨간구두 이야기」,예술,향촌동수제화골목 일원,5,무대행사| 체험행사| 부대행사 등,대구광역시 수제화협회,C01
F0173,향촌동수제화골목 2017년「빨간구두 이야기」,예술,향촌동수제화골목 일원,10,무대행사| 체험행사| 부대행사 등,대구광역시 수제화협회,C01
F0174,형형색색달구벌관등놀이,문화,"국채보상기념공원, 코오롱야외음악당",4,풍등날리기| 연등행렬,형형색색 달구벌관등놀이 축제봉행위원회,C01
F0175,희망달서 큰잔치,문화,(옛)두류정수장,10,발명 퀴즈왕 선발대회| 희망가득체험부스| 다문화 어울림제| 달서가요제 등,(재)달서문화재단,C01
F0176,2019 시청자의 날(기존),미디어,인천시청자미디어센터,12,드론 영상콘텐츠 공모전 시상식| 시청자제작단 성과 발표회| 미디어교육(학교|마을 등) 활동 사례 공유| 각종 이벤트,인천시청자미디어센터,D01
F0177,2020 부평풍물대축제,역사,"부평대로, 부평아트센터, 신트리공원 등",10,개폐막공연| 전통연희 판| 퍼레이드| 경연대회 등,부평구축제위원회,D01
F0178,계양산국악제,예술,계산체육공원,4,유명국악인 축하공연| 길놀이| 국악경연대회,계양구,D01
F0179,고려산진달래축제,꽃놀이,고인돌 광장 등,4,진달래군락지 관람 진달래 체험전 등,강화군문화축제추진위원회,D01
F0180,구민의 날 문화불꽃축제,문화,영종국제도시내,9,기념식+축하공연,인천중구문화원,D01
F0181,국사봉 해맞이행사,해돋이,영흥면 일원,12,지역주민화합과 관광객유치를 위한 해맞이행사,영흥면내6리 개발위원회,D01
F0182,동구문화예술한마당&막걸리페스티벌,먹거리,"동인천역북광장, 송림아뜨렛길",11,지역예술인| 지역문화예술동아리의 공연을 즐길 수 있는 문화예술의 장이자 막걸리를 빚던 옛 배다리의 인천양조장과 그 영화를 함께한 동구의 역사를 느껴보는 동구의 새로운 축제,인천광역시 동구청,D01
F0183,무의도 춤 춤축제,예술,무의도하나개해수욕장,9,창작 춤 공연+요들송 공연,무의도아트센터,D01
F0184,소래포구축제,문화,인천 남동구 논현동,9,관광축제,남동구,D01
F0185,연수미디어페스티벌(예정),문화,인천시청자미디어센터,12,연수주민마을방송 성과 발표회| 연수스토리 사연 공유| 청소년 독립영화 경진대회| 미디어체험 등,인천광역시 연수구청,D01
F0186,연안부두 축제,바다,인천종합어시장 일원,10,축하공연+체험부스 운영,인천종합어시장사업협동조합,D01
F0187,옹진군 해넘이 및 제야의 밤,해돋이,옹암해변,12,공연 및 불꽃놀이 개최,옹진군,D01
F0188,인천개항장문화재야행,역사,인천광역시 중구 중구청 일원,6,문화재 활용사업,인천관광공사,D01
F0189,정서진 해넘이 축제,해돋이,인천 서구 정서진,12,일몰이벤트| 축하공연,인천광역시 서구문화원,D01
F0190,제11회 연수 능허대 문화축제,문화,문화공원,10,능허대 소재 각종 공연| 전시 및 체험프로그램,연수구,D01
F0191,제27회 화도진축제,꽃놀이,"동인천역북광장, 화도진공원 일원",5,구한말 인천 앞바다 해안 경계를 위해 설치한 화도진을 배경으로한 대표 군영축제,인천광역시 동구청,D01
F0192,제2회 인천 송도크루즈 불꽃축제,문화,골든하버 인천항크루즈터미널,5,멀티미디어 융복합 불꽃공연 및 부대행사,해양수산부,D01
F0193,제물포 문화선교축제,문화,내리교회,4,열린음악회,인천중구문화원,D01
F0194,크리스마스트리문화축제,문화,신포동 일원,11,대형트리 및 경관조명,인천중구문화원,D01
F0195,2019 드론 체험 한마당,기술,광주시청자미디어센터 일원,5,누구나 쉽게 즐길 수 있는 드론을 주제로한 체험| 교육 프로그램을 통해 4차 산업혁명 시대 핵심 산업인 드론 분야의 이해도와 관심 제고,시청자미디어재단 광주시청자미디어센터,E01
F0196,2019 전국청소년방송콘텐츠경연대회,미디어,김대중컨벤션센터 (광주에이스페어 야외무대),9,청소년 실시간 무대| 방송 경연으로 우수 콘텐츠 발굴 및 미디어 인재 육성 기여,시청자미디어재단 광주시청자미디어센터,E01
F0197,2019 중딩영화제,미디어,광주시청자미디어센터 2층 다목적홀,12,학교미디어교육 우수사례와 우수 제작물 상영을 통한 성과와 정보교류의 장 마련. 전국 중학생 대상 영상·라디오분야 미디어창작물의 공모전 개최로 미디어제작 활성화 도모 및 우수작 발굴(방송통신위원장상| 광주광역시교육감상 등 시상),시청자미디어재단 광주시청자미디어센터,E01
F0198,2019 청소년미디어캠프,청소년,영광 홍농중학교,7,군소지역 청소년의 미디어 역량 강화와 창의력 향상| 방송 참여 지원을 위한 미디어교육 프로그램 운영(미디어 역량강화 교육| 영상 제작 활동| 뉴미디어체험 등),시청자미디어재단 광주시청자미디어센터,E01
F0199,고싸움놀이축제(1차),문화,고싸움놀이테마파크,3,국가무형문화재 제33호 고싸움놀이시연,고싸움놀이보존회,E01
F0200,고싸움놀이축제(2차),문화,고싸움놀이테마파크,8,국가무형문화재 제33호 고싸움놀이시연,고싸움놀이보존회,E01
F0201,광산우리밀축제,먹거리,송산유원지,5,국산밀 홍보,광산우리밀축제추진위원회,E01
F0202,광주세계김치축제,먹거리,서울광장,5,김치를 테마로한 공연| 전시| 체험프로그램 운영,광주세계김치축제위원회,E01
F0203,광주세계김치축제,먹거리,광주김치타운,7,한국의 김치| 세계절임식품 전시| 김치와 김치응용요리 만들기 체험,광주세계김치축제위원회,E01
F0204,광주세계김치축제,먹거리,광주김치타운,10,김치 요리 경연대회| 김치만들기 체험| 김치마케팅| 김치 전시| 고려인의 김치와 음식 전시| 발효와 옹기전시 등,광주세계김치축제위원회,E01
F0205,광주프린지페스티벌,문화,5·18민주광장 및 국립아시아문화전당 주변,4,거리공연(음악| 마임| 거리극 등)| 시민참여 체험프로그램 등,(재)광주문화재단,E01
F0206,굿모닝 양림,문화,양림동및사직공원일원,10,예술인 아카이브전| 미술전시회| 가을숲속음악회 등,굿모닝 양림추진위원회,E01
F0207,굿모닝 양림,문화,양림동 일원,10,1. 전시 : 예술가아카이브전|  양림동의 화가들|  양림 사진전 등 2. 공연 : 가을숲속음악회| 클래식음악회 등 3. 참여 : 시낭송대회| 나도 양림 시낭송가 ○ 체험 : 공예/가을우체통(편지쓰기)등 4. 인문학강의,남구문화원,E01
F0208,동네방네 마을미디어 공개방송,미디어,광주시청자미디어센터,12,마을 미디어 활성화를 목표로 마을미디어교육 지원사업에 참여한 마을 단체가 진행하는 릴레이 유튜브 라이브 공개 방송,시청자미디어재단 광주시청자미디어센터,E01
F0209,만드리 풍년제,문화,서구 서창동 발산마을 들녘,7,매년 7월 백중 무렵 서창 들녘에서 세벌 김매기하며 불렀던 전통 농요 행사,광주광역시 서구,E01
F0210,서구민한가족대축제,가족,상무시민공원,5,구민의 날을 맞이하여| 구민이 다함께 즐길 수 있는 주민참여 프로그램으로 애향과 일체감을 조성,광주광역시 서구,E01
F0211,서구여성합창단 정기 연주회,예술,서구 관내 공연장,11,서구여성합창단의 음악적 역량과 수준을 보여주는 정기 음악회,광주광역시 서구,E01
F0212,서창만드리풍년제,문화,서창한옥문화관 앞 (세동마을 들녘),7,들노래재현 만드리 재현| 문화예술공연 등,만드리보존회,E01
F0213,섬마을미디어페스티벌 ''''미디어로 어깨동무 시즌7'''',미디어,"전남 완도 보길도, 노화도 일원",8,낙도지역 시청자의 미디어 향유권 향상을 위한 프로그램 운영 (청소년 미디어캠프| 찾아가는 미디어 나눔버스| 마을 주민을 위한 미디어교육 등),시청자미디어재단 광주시청자미디어센터,E01
F0214,세계청년축제,문화,아시아문화전당 일대,7,청년 뮤직페스타| 청년시장| 도심캠핑 등,가나엔터프라이즈,E01
F0215,신창동 어울림축제,문화,신창동 공방의 거리,10,주민운동회| 주민회의| 노래자랑| 나눔장터| 프리마켓 등,신창동 마을축제 추진위원회,E01
F0216,억새생태문화제,동물,극락교 일원,10,억새를 테마로한 공연| 전시| 체험프로그램 운영,무등커뮤니케이션,E01
F0217,영산강 서창들녁 억새축제,동물,영산강(극락교~서창교 3.5km)일원,10,억새축제,광주광역시 서구,E01
F0218,용전들노래 가을걷이 한마당,예술,용전동 용전마을 일원,10,용전들노래재현| 체험마당| 공연 등,사)용전들노래보존회,E01
F0219,전국 애송시 낭송대회,예술,서구 빛고을 국악전수관 공연장,5,우리말의 아름다울과 문학의 향기를 전달하여 지역의 문학적 자긍심 제고 문화향수 기회 확대,광주광역시 서구 문화원,E01
F0220,제21회 용전들노래 정기공연,문화,용전동 용전마을 일원,7,용전들노래재현| 체험마당| 공연 등,사)용전들노래보존회,E01
F0221,제2회 비아마을 큰잔치,문화,비아동 공영주차장,10,문화공연| 주민장기자랑| 체험 및 먹거리 부스운영 등,비아마을 축제 추진위원회,E01
F0222,제2회 하남동 도농공 한울타리 어울림축제,문화,경암근린공원,10,기념식| 문화공연| 주민노래자랑| 플리마켓 등,하남동 한울타리 어울림축제 추진위원회,E01
F0223,제5회 광산구 세계음식문화축제,먹거리,수완호수공원,5,기념식| 세계음식체험| 문화다양성 체험부스| 무지개나눔장터| 문화공연 등,광산구건강가정·다문화가족지원센터,E01
F0224,첨단1동 마을축제,문화,쌍암공원,10,중고장터| 마을운동회| 문화공연| 버스킹| 체험행사 등,첨단1동주민자치위원회,E01
F0225,청년농부 미디어 크리에이터 경연대회,미디어,광주시청자미디어센터,6,농업인 미디어 향유권 확대 및 농식품 라이브 방송 활성화를 위해 농업 주제의 라이브 방송 생중계 경연,시청자미디어재단 광주시청자미디어센터,E01
F0226,추억의충장축제,체험,아시아문화전당 일대,10,추억을 테마로한 공연| 전시| 체험프로그램 운영,광주광역시 동구,E01
F0227,풍암골 신암마을 당산제,문화,풍암 제7어린이공원내 (풍암동1129),2,민속고유 명절인 대보름을 맞이하여 사라져가는 전통세시풍속인 당산제를 재현하여 지역 주민들의 평안과 발전 및 풍요다산을 기원,광주광역시 서구,E01
F0228,2019 노은한마음축제,문화,은구비공원,9,체험마당| 경연마당| 공연마당 등,노은1·2동 한마음축제추진위원회,F01
F0229,"2019 대전마을미디어 축제 잘 한다, 자란다, 대전마을미디어",미디어,대전시청자미디어센터,12,강연| 전시| 시상을 통해 대전 마을미디어 활동 성과를 공유하고 활동가 및 시민들간의 네트워킹을 강화하는 축제의 장,시청자미디어재단 대전시청자미디어센터,F01
F0230,2020 대전 서구힐링 아트페스티벌,문화,샘머리공원 및 보라매공원(서구청앞) 일원,5,아트마켓 등 7개분야 100여개 프로그램,서구축제추진위원회,F01
F0231,개관5주년 기념행사 ''''Oh 대시미'''',문화,대전시청자미디어센터,7,대전시청자미디어센터 5년 성과 돌아보고 함께 축하하는 자리 마련,시청자미디어재단 대전시청자미디어센터,F01
F0232,"대전미디어페스티벌 ''''무엇이든 콘텐츠, 누구나 크리에이터''''",미디어,대전시청자미디어센터,8,유튜버의 모든 것을 특강·체험·경연으로 즐기는 중부권 최대의 미디어 축제,시청자미디어재단 대전시청자미디어센터,F01
F0233,대전세종충남퍼블릭액세스시민영상제(날짜미정),미디어,대전시청자미디어센터,12,지역 퍼블릭액세스 강화를 위한 대전|세종 충청지역의 대표 영상제,대전충남민주언론시민연합,F01
F0234,동춘당문화제,역사,동춘당공원 일원,4,선비문화 계승| 발전 / 숭모제례| 문정공시호봉송행렬,대덕문화원,F01
F0235,제13회 신성한마음축제,문화,사이언스 대덕종합운동장,8,주민발표회| 벼룩시장| 체험 등 부대행사,신성동마을축제추진위원회,F01
F0236,제14회 구즉한마당축제,문화,송강근린공원,10,화합경기|부대행사| 공연| 먹거리 등,구즉한마당축제추진위원회,F01
F0237,제17회 한여름밤의 축제,여름,엑스포근린공원,8,주민발표회| 체험 등 부대행사| 먹거리 장터 등,전민동마을축제추진위원회,F01
F0238,제1회 대청호 벚꽃축제,꽃놀이,대전광역시 동구 신상동 282번지 일원,4,벚꽃축제| 벚꽃가요제| 벚꽃길 걷기대회 등,대전광역시 동구청,F01
F0239,제21회 진잠주민화합한마당,문화,진잠초등학교,10,경로위안잔치| 주민화합잔치| 청소년페스티벌| 주민가요제,진잠주민 화합의 한마당 추진위원회,F01
F0240,제3회 노은3동한마음축제,문화,해랑숲근린공원,9,주민발표회| 벼룩시장| 체험 등 부대행사,노은3동 한마음축제추진위원회,F01
F0241,제4회 온천1·2동한마당축제,문화,유성온천공원,10,주민공연| 체험부스| 벼룩시장| 먹거리 장터 등,온천1·2동한마당축제추진위원회,F01
F0242,제6회 스마일원신흥축제,문화,작은내수변공원,9,주민발표회| 벼룩시장| 체험 등 부대행사,스마일원신흥축제추진위원회,F01
F0243,제9회 관평골축제,문화,동화울 수변공원,10,주민발표회| 체험 등 부대행사,관평동마을축제추진위원회,F01
F0244,효문화뿌리축제,자연,뿌리공원,9,개폐막행사| 문중(문화)행사| 체험(참여)행사| 전시행사| 부대행사,대전효문화뿌리축제위원회,F01
F0245,1인미디어콘텐츠공모전,문화,미정,10,1인 미디어 시대에 울산 지역 크리에이터 진흥과 콘텐츠 강화를 위한 공모전 실시,시청자미디어재단 울산시청자미디어센터,G01
F0246,2019 도서지역 학교미디어교육 죽변중학교 미디어캠프,미디어,경북 울진 죽변중학교,9,도서지역 찾아가는 미디어교육을 통한 도서지역 학생들의 미디어 접근권 제고 및 미디어역량 강화,시청자미디어재단 울산시청자미디어센터,G01
F0247,2019 시청자의 밤 (날짜미정),미디어,울산시청자미디어센터,12,개관 3주년을 기념하고 2019년도 성과를 평가| 공유하기 위한 시민| 강사 참여 미디어 축제,시청자미디어재단 울산시청자미디어센터,G01
F0248,2019 울대경 청소년미디어캠프 ''''함성소리'''',미디어,대구 가산산성,8,울산| 대구| 경북 지역에서 미디어 관련 활동 중인 청소년의 교류의 장 마련| 청소년의 미디어 역량 강화 및 진로 탐색 기회 제공,대구영상미디어센터,G01
F0249,2019 자유학기제 맞춤형미디어교육 수륜 온 더 미디어캠프,미디어,경북 수륜중학교,8,도서지역 청소년들의 방학 내 집중 미디어교육 및 미디어 역량 강화| 미디어 접근성 확대를 위한 맞춤형 미디어 캠프,시청자미디어재단 울산시청자미디어센터,G01
F0250,2020 문화의거리 현대미술제,예술,울산 중구 문화의거리,4,갤러리 및 거리 미술작품 전시,문화의거리 현대미술제 울산운영위원회,G01
F0251,2020 울산 마두희 축제,역사,울산 중구 성남동 일원,6,줄다리기 및 부대행사,울산마두희축제추진위원회,G01
F0252,2020 태화강 국제 재즈페스티벌,예술,태화강국가정원 야외공연장,5,국·내외 재즈가수 공연| 부대행사 등,울산매일신문사,G01
F0253,2020년 울산병영3.1만세운동 제21회 재현행사,역사,울산 중구 병영 일원,4,위령제| 삼일만세운동재현행사 및 부대행사| 축구대회(20.04.12.) 등,중구문화원,G01
F0254,2020년 한글문화예술제,문화,외솔기념관 및 중구 원도심 일원,10,한글을 주제로 한 전시| 체험| 경연| 공연 등,UBC 울산방송,G01
F0255,간절곶해맞이,해돋이,간절곶공원,12,해넘이 전야제| 해맞이행사,울주문화원,G01
F0256,선암호수 불꽃축제,문화,선암호수공원,11,불꽃축제,경상일보,G01
F0257,우시산국축제,꽃놀이,회야강 아리소 일원,4,농경문화생활과 창작예술문화 체험,우시산국축제추진위원회,G01
F0258,울산고래축제,바다,울산광역시 남구 장생포 일원,6,고래축제,고래문화재단,G01
F0259,울산대공원 장미축제,꽃놀이,울산대공원,5,장미축제,(주)SK에너지,G01
F0260,울산쇠부리축제,역사,북구청광장,5,체험|전시|학술 등,울산쇠부리축제 추진위원회,G01
F0261,울산옹기축제,역사,울주군 외고산 옹기마을 일원,5,옹기난장촌| 옹기산적촌| 옹기장난촌| 옹기장인촌 등 50여 프로그램,울산광역시 울주군,G01
F0262,울산조선해양축제,바다,동구 일산해수욕장,7,공연| 전시| 주민참여 프로그램| 체험이벤트| 빛의 디자인 거리 등,울산광역시동구,G01
F0263,울주세계산악영화제,미디어,영남알프스 복합웰컴센터 일원,4,클라이밍| 모험과 탐험 등 7개 섹션으로 구성한 40개국 150편의 영화상영과 힐링트래킹| 클라이밍| 파쿠르| 영남알프스 VR 체험 등 다양한 참여행사와 공연ㆍ전시 행사 등을 통해 관람객에게 차별화된 볼거리를 제공,울산광역시 울주군,G01
F0264,제51회 서덕출 봄편지 노래비 글쓰기 및 그리기대회,문화,서덕출공원 일원,5,글쓰기(운문| 산문) 및 그리기,울산중구문화원,G01
F0265,처용문화제,문화,달동 문화공원,10,처용축제,울산광역시청,G01
F0266,태화강 연등축제,종교,울산 태화강 둔치,5,연등축제,태화강 연등축제조직 위원,G01
F0267,나라꽃 무궁화 세종축제,꽃놀이,정부세종컨벤션센터,8,무궁화의 아름다움과 다양성을 보여주는 공연·체험·전시 행사,세종특별자치시,H01
F0268,세종축제,역사,세종호수공원,10,세종대왕의 업적과 정신인 한글·과학·음악·애민사상 등의 소재로 구성,세종특별자치시,H01
F0269,2017 음식 문화축제,먹거리,화성행궁주차장,9,한중일 음식코너| 요리경연대회 및 체험행사,갈비중식일식축제협의회 외식업지부,I01
F0270,2018 수원독서문화축제,문화,선경도서관+행궁광장+수원전통문화관,9,독서축제,수원시 도서관사업소,I01
F0271,2018 음식 문화축제,먹거리,화성행궁주차장,10,한중일 음식코너| 국제 자매도시 조리사 초청 음식전| 요리경연대회 및 무대공연,갈비중식일식축제협의회 외식업지부,I01
F0272,2019 수원독서문화축제,문화,장안공원,10,독서축제,수원시 도서관사업소,I01
F0273,2019 수원등불축제,문화,수원천,10,수원사랑 등불축제,(재)수원문화재단,I01
F0274,2019 수원연극축제,미디어,경기상상캠퍼스,5,연극 및 퍼포먼스,(재)수원문화재단,I01
F0275,2019 고양행주문화제,역사,행주산성+역사공원 일원,5,고유례+전통놀이한마당+행주투석전+뮤지컬행주대첩+시민참여문화체험 등,고양문화재단,I02
F0276,2019 고양호수예술축제,예술,고양시 호수공원 및인근거리,10,국내외 거리예술공연 및 시민참여프로그램,고양문화재단,I02
F0277,노루목 봄 페스티벌 <ㅍㅍㅍ페스티벌>,봄,고양아람누리 노루목야외극장,5,야외 콘서트,고양문화재단,I02
F0278,신바람난 뮤지엄 페스티벌,문화,고양어린이박물관,5,축하공연+문화체험+어드벤처 놀이터+가족 피크닉,고양어린이박물관,I02
F0279,제17회 고양 연등문화축제,문화,고양시 화정중앙공원,5,봉축법회 봉행+전통문화 재현,고양시불교사암연합회,I02
F0280,2019 보정역생활문화센터 <청춘파티  - 특별프로그램>,문화,보정역생활문화센터,12,강연자| 참여자가 ''''인생''''| ''''청춘''''| ''''문화''''를 키워드로 모여 능정적 참여자로서 서로에게 배우는 생활 속 프로그램,용인문화재단,I03
F0281,포은문화제,역사,정몽주 묘역,10,관혼상제| 인문학 강의| 북콘서트| 각종 경연대회| 체험부스,용인문화원,I03
F0282,할미성 대동제,문화,용인중앙시장 광장,10,길놀이 행사 및 할미성 대동굿 12거리 재연,할미성대동굿보존회,I03
F0283,모란축제추진위원회,꽃놀이,모란오거리쉼터,10,지역상인들과 시민화합의장 마련,성남동,I04
F0284,벌터산 축제,자연,벌터산공원,4,지역주민 화합,수진2동,I04
F0285,분당구민 한마음 축제,문화,야외공연장 중앙공원(미정),10,행복한 분당| 화합하고 하나되는 어울림 마당 조성,분당구청 가정복지과,I04
F0286,수정숯골축제,문화,성남초교(미정),10,수정구지역이 조선시대 숯을 구어 장에 팔았던 숯골을 축제 유래로 수정구민 화합축제,수정구청 가정복지과,I04
F0287,은행골한마음잔치,문화,은행2동 초등학교,5,은행2동 350년 된 은행나무 보호수 행목제 시작으로 부대행사,은행2동,I04
F0288,중원한마당축제,문화,종합운동장보조구장(미정),9,중원구민 한마당 음악축제| 주민자치센터 작품 발표,중원구청 가정복지과,I04
F0289,청계산철쭉축제,꽃놀이,옛골입구,4,청계산 철쭉제 개화시기 축제알림,고등동,I04
F0290,부천국제만화축제,미디어,한국만화박물관 및 부천시 일원,8,전시| 부천국제만화페어| 경기국제코스프레페스티벌,부천국제만화축제운영위원회,I05
F0291,부천국제애니메이션페스티벌,미디어,"한국만화박물과, CGV부천, 부천시청, 메가박스코엑스",10,애니메이션상영,BIAF 집행위원회,I05
F0292,부천국제판타스틱영화제,미디어,부천시청 등,6,개폐막식| 영화상영| 문화행사 등,(사)부천국제판타스틱영화제조직위원회,I05
F0293,부천세계비보이대회,예술,부천마루광장,9,세계비보이대회,진조크루,I05
F0294,부천전국대학가요제,문화,부천마루광장,8,전국대학가요제,서울신학대학교,I05
F0295,부천전국비보이대회,예술,부천마루광장,4,전국비보이대회,진조크루,I05
F0296,2020 제9회 평생학습박람회,학습,화성종합경기타운,10,청소년 교육 박람회,화성시,I06
F0297,2020 화성송산포도축제,먹거리,궁평항,9,포도 체험| 직거래 장터,화성포도축제추진위원회,I06
F0298,정조 효 문화제,역사,융건릉,10,능행차 재현|현륭원 궁원의 제향,화성시문화재단,I06
F0299,제11회 푸른 화성 지키기 환경자전거 대행진,운동,동탄센트럴파크,4,자전거 타기 행사,화성시,I06
F0300,제21회 화성 효 마라톤 대회,운동,화성종합경기타운,5,마라톤 대회,화성시 체육회,I06
F0301,화성뱃놀이축제,역사,전곡항,5,해양레저 체험,화성시문화재단,I06
F0302,화성시민 한마을 체육대회,운동,화성종합경기타운,10,화성시민 대상 체육대회,화성시 체육회,I06
F0303,2016 평생학습 박람회 & 제6회 도서관책문화축제,문화,안산 호수공원 중앙광장,10,도서관홍보| 체험| 북콘서트| 전시 등,안산중앙도서관,I07
F0304,2017 안산시 평생학습 박람회 & 제7회 안산시도서관책문화축제,문화,안산시 문화광장,10,도서관홍보| 체험| 북콘서트| 전시 등,안산중앙도서관,I07
F0305,2018 안산 김홍도축제,역사,화랑유원지,10,김홍도마을 재현| 김홍도 마당극| 사생대회 등,안산시,I07
F0306,그랑꼬또 와인 페스티벌,술,그랑꼬또와이너리,8,대부와인 홍보 및 직거래| 문화공연 등,안산시,I07
F0307,대부포도축제,먹거리,구)바다향기테마파크,9,대부포도 홍보 및 직거래| 문화공연 등,안산시,I07
F0308,별빛달빛놀이터,청소년,단원청소년수련관,5,버스킹 공연| 벼룩시장| 먹거리 야시장 등,안산시,I07
F0309,안산 대부포도축제,먹거리,대부바다향기테마파크,9,대부포도 홍보|전시|직거래|체험행사,대부포도축제추진위원회,I07
F0310,안산M밸리록페스티벌,문화,대부도바다향기테마파크,7,록페스티벌,CJ E&M,I07
F0311,안산국제거리극축제,문화,안산시 문화광장,5,순수예술축제,안산시,I07
F0312,안산사이언스밸리(ASV) 과학축제,기술,한양대 ERICA,10,과학기술체험 부스 운영| 드론페스티벌 등,안산청소년수련관,I07
F0313,여르미오페스티벌,문화,안산시 문화광장,8,대중예술축제,안산문화재단,I07
F0314,제10주년 세계인의 날 기념행사,문화,안산문화광장,5,기념식| 문화 및 각종 부대행사,안산시,I07
F0315,제11주년 세계인의 날 기념행사,문화,안산화랑유원지,11,기념식| 문화 및 각종 부대행사,안산시,I07
F0316,제1회 상록수문화제,자연,상록수공원 및 샘골로 일대,8,기념음악회| 체험박람회| 작품발표회| 사생대회 등,안산시,I07
F0317,제2회 상록수문화제,자연,상록수공원 및 샘골로 일대,9,기념음악회| 체험박람회| 작품발표회| 사생대회 등,안산시,I07
F0318,제7회 상록수문화제,자연,"최용신기념관,상록수공원",10,공연|전시|체험 등,안산시,I07
F0319,청소년어울림마당 1회차,청소년,상록청소년수련관,6,개막,안산시,I07
F0320,청소년어울림마당 2회차,청소년,상록청소년수련관,7,여름축제,안산시,I07
F0321,청소년어울림마당 3회차,청소년,상록청소년수련관,9,별이 빛나는 밤에,안산시,I07
F0322,청소년어울림마당 4회차,청소년,안산대학교,10,잡아드림 연계,안산시,I07
F0323,청소년어울림마당 5회차,청소년,상록청소년수련관,11,폐막,안산시,I07
F0324,정약용문화제,역사,"정약용유적지, 팔당댐 수변, 물의정원 등",4,정약용 사색의 길 걷기| 여유당 음악회| <정약용>창작 뮤지컬 공연| 유기농 딸기축제| 플리마켓 등,남양주시,I08
F0325,마토예술제,예술,팽성읍 안정리 로데오거리,5,체험공간+예술시장+먹거리 공간+거리공연 등,평택시국제교류재단,I09
F0326,2019 시흥 에코콘텐츠 창작 페스티벌,미디어,시흥ABC행복학습타운 갤러리시흥,12,경기권 유일의 창작자 중심 페스티벌,경기도 시흥시,I10
F0327,제2회 정왕「본」축제,문화,군서초등학교 운동장,11,정왕본동 주민의 화합을 위한 축제,정왕「본」축제추진위원회,I10
F0328,제15회 파주개성인삼축제,먹거리,임진각 광장,10,파주개성인삼 전시 및 판매| 농특산물 홍보 및 판매| 각종 공연 및 체험행사 등,파주개성인삼추진위원회,I11
F0329,제23회 파주장단콩축제,먹거리,임진각 광장,11,파주장단콩 전시 및 판매| 농특산물 홍보 및 판매| 각종 공연 및 체험행사 등,파주장단콩추진위원회,I11
F0330,제32회 율곡문화제,문화,파주 이이유적,10,제향| 유가행렬|음악회|불꽃축제| 각종 공연 및 체험행사 등,파주문화원,I11
F0331,파주북소리2019,역사,파주출판도시 일원,11,개막식| 아트북 전시| 책만들기 체험| 기획전시| 독서동아리대상| 강연| 공연| 북토크 등,출판도시문화재단,I11
F0332,2020 전국 청소년 댄스페스티벌 ''꿈을 향한 무(舞)승부'',청소년,의정부시청소년수련관 운동장,5,전국청소년 댄스페스티벌(댄스경연대회| 부스운영 등),의정부시청소년재단,I12
F0333,2020 제17회 청소년 어울림마당 행복누리축제,청소년,의정부시청소년수련관 야외무대,4,청소년들의 예술문화공연축제 2020년 4월|5월|6월|9월|11월  월별1회(토) 운영,의정부시청소년재단,I12
F0334,2020 푸른별 콘서트,문화,의정부시 예술의전당,12,수능을 마친 관내 고등학교 3학년을 위한 콘서트 운영,의정부시청소년재단,I12
F0335,2020 하하페스티벌,문화,시청앞 도로 및 잔디광장(소방서옆),9,세계인의 날 기념식| 국가별 문화소개부스| 체험마당| 먹거리마당 등,의정부외국인노동자지원센터,I12
F0336,블랙뮤직페스티벌,문화,의정부 시청 앞 광장,8,힙합장르를 중심으로 하는 의정부 대표 뮤직 페스티벌,의정부예술의전당,I12
F0337,"의정부 건강축제 「건강, 사계 四季」",운동,시청앞 도로 및 잔디광장(소방서옆),9,건강증진 유공 표창| 공연| 건강홍보 및 체험부스 운영,의정부시보건소 건강증진과,I12
F0338,의정부 국제가야금축제,예술,의정부예술의전당,9,2020년 9~10월 중 개최| 가야금문화 전승 및 경연대회,(사)죽파류 가야금산조보존회,I12
F0339,의정부 미용페스티벌,문화,의정부예술의전당,9,미용 헤어쇼| 축하공연| 미용관련사업 기자재 전시 등,경기도 의정부시청,I12
F0340,의정부 부대찌개축제,먹거리,의정부부대찌개거리,10,개/폐막식 축하공연 및 경품추첨| 부대찌개 퍼포먼스(시식행사)| 온가족 요리 경연대회| 어린이 대상 마술쇼 및 다양한 체험행사 등,경기도 의정부시청,I12
F0341,의정부가족문화대축제,가족,시청앞 도로 및 잔디광장(소방서옆),5,개막식| 어린이날 표창| 공연마당| 게임마당| 체험마당 등,의정부문화원,I12
F0342,의정부시평생학습박람회,교육,시청앞 도로 및 잔디광장(소방서옆),5,개막식| 평생학습유공자 표창| 동아리 공연| 체험부스운영 먹거리장터 등,(재)의정부시평생학습원,I12
F0343,의정부음악극축제,예술,의정부예술의전당 및 시 일원,5,음악극 공연| 체험 및 전시행사,의정부예술의전당,I12
F0344,제2회 의정부시 청소년 풋살대회,청소년,의정부직동축구장,10,초중고등부로 나누어 풋살대회 예선전 및 결선전 진행,의정부시청소년재단,I12
F0345,제3회 의정부시장배 전국 청소년 드론경연대회,기술,의정부체육관,7,드론경연대회| 체험부스운영| 시상식 등,의정부시청소년재단,I12
F0346,천상병예술제,예술,의정부예술의전당 및 시 일원,4,고 천상병시인을 기리는 다양한 행사,의정부예술의전당,I12
F0347,2019 김포 국제무선자동차대회 개최 계획,기술,김포 GRC,10,무선자동차 레이싱 대회 및 체험,김포문화재단,I13
F0348,DMZ 울트라트레일러닝,문화,"김포 평화누리길(파주, 연천 평화누리길 연계)",9,트래킹 마니아층 및 외국인 대상으로 개최되는 차별화된 접경지역 스포츠 행사,김포시,I14
F0349,광주 남한산성문화제,역사,남한산성도립공원,9,개막행사+6개 마당 행사+부대행사,광주시 남한산성문화제 추진위원회,I14
F0350,광주왕실도자기축제,역사,곤지암도자공원,4,공연+체험행사+전시,경기도 광주시청,I14
F0351,퇴촌토마토축제,먹거리,퇴촌면 공설운동장,6,퇴촌 토마토축제,퇴촌토마토축제위원회,I14
F0352,구름산예술제,예술,시민체육관,8,예술 전시 및 부대행사,한국예총광명지회,I15
F0353,구름산예술제,예술,시민회관,9,예술전시및행사,예총,I15
F0354,김포 평화누리길 걷기행사,문화,김포 평화누리길 1~3코스,4,평화누리길 걷기행사,경기관광공사,I15
F0355,농악대축제,문화,시민운동장,10,농악행사,농악보존회,I15
F0356,"소하도서관 책축제 팔짱, 책을 품다",독서,소하도서관 광장 및 한내천 일대,4,프리마켓| 책축제| 전시| 공연| 체험,소하도서관 청소년수련관,I15
F0357,제16회 광명시평생학습축제,교육,광명시 전역,9,학술 컨퍼런스 외,광명시평생학습네트워크협의체,I15
F0358,제26회 오리문화제,동물,광명시민체육관,5,오리이원익 영우참배/헌화식| 전시|체험마당| 먹거리장터| 학술행사 등,광명문화원,I15
F0359,제2회 밤일음식문화 거리 축제,먹거리,밤일음식문화거리 내,6,음식점할인행사| 무료시식| 노래자랑| 초대공연 등,밤일음식문화거리 상가번영회,I15
F0360,제7회 목감천 친환경 축제,자연,우리공원,5,주민자치프로그램 공연 및 목감천 가요제 등,광명6동주민자치위원회 및 유관단체,I15
F0361,평생학습도시 선언 20주년 컨퍼런스,교육,광명시평생학습원,11,평생학습도시 선언 20주년 컨퍼런스 및 전시,평생학습원,I15
F0362,2019 군포철쭉축제,꽃놀이,"철쭉동산, 초막골생태공원, 산본로데오거리 등",4,개·폐막식| 공연프로그램| 체험프로그램| 노차로드| 푸드트럭존 운영 등,경기도 군포문화재단,I16
F0363,김포예술제,예술,김포아트홀 공연장 및 전시실,12,지역예술문화 콘텐츠 공유 및 공연행사 등,한국예총 김포지회,I16
F0364,아라마린페스티벌 in 김포,문화,경인아라뱃길 김포여객터미널(↔계양대교 구간),8,수상레저 스포츠대회 및 공연행사 개최,(주)워터웨이플러스,I17
F0365,하남이성문화축제,문화,하남유니온파크,9,콘서트| 놀이체험,하남문화재단,I17
F0366,2019 가을 종합예술제,문화,"문예회관, 미술관",10,전시| 체험| 콘서트 등,(사)한국예술문화단체 총연합회오산지회,I18
F0367,제10회 독산성 문화제,역사,독산성 및 고인돌 공원,10,체험|전시|지역단체공연등,(재)오산문화재단,I18
F0368,제31회 시민의 날 문화행사,문화,오산천(종합운동장 뒤편),9,축하공연 등,오산시,I18
F0369,제5회 오산천 두바퀴 축제,문화,오산천일원,4,자전거 퍼레이드 등,(재)오산문화재단,I18
F0370,제7회 오산 봄누리 예술축제,예술,고인돌 공원,5,청소년스타오디션등,(사)한국예술문화단체 총연합회오산지회,I18
F0371,2019 양주 천만송이 천일홍 축제,꽃놀이,양주2동,9,지역축제,양주시,I19
F0372,감악문화축제,문화,남면,9,지역축제,남면사회단체협의회,I19
F0373,설봉산별빛축제,자연,설봉공원야외대공연장,7,대중예술공연(총 7회공연),(사)이천예총,I20
F0374,이천도자기축제,역사,이천시 신둔면 예스파크,4,도자기전시+체험,이천시도자기축제추진위원회,I20
F0375,이천백사산수유꽃축제,꽃놀이,"백사면 도립리, 송말리, 경사리일원",3,공연+체험+산수유제품판매,이천백사산수유꽃축제추진위원회,I20
F0376,이천쌀문화축제,먹거리,이천시 설봉공원,10,공연+농촌체험+농산물판매,이천쌀문화축제추진위원회,I20
F0377,이천인삼축제,먹거리,이천시 설봉공원,10,인삼판매+먹거리장터+농산물판매,경기동부인삼농협,I20
F0378,체험문화축제,체험,이천시 설봉공원,5,음식만들기+공예체험+스포츠 놀이체험,(사)이천농촌나드리,I20
F0379,햇사레장호원복숭아축제,먹거리,장호원햇사레산지유통센터,9,복숭아축제,장호원농협,I20
F0380,제15회 구리 코스모스 축제,꽃놀이,구리한강 시민공원,10,코스모스 축제,(사)한국예총 구리지회,I21
F0381,제17회 구리 유채꽃 축제,꽃놀이,구리한강 시민공원,5,무대공연| 체험부스운영| 먹거리 체험| 꽃 관람,(사)한국예총 구리지회,I21
F0382,제17회 구리 코스모스 축제,꽃놀이,구리한강 시민공원,9,무대공연| 체험부스운영| 먹거리 체험| 꽃 관람,(사)한국예총 구리지회,I21
F0383,2019 안성맞춤 남사당 바우덕이축제,역사,안성맞춤랜드,10,남사당공연| 국내 전통공연| 해외민속공연| 안성장터 재현 등,안성맞춤남사당바우덕이축제위원회,I22
F0384,산정호수윈터페스타,자연,포천산정호수,12,산정호수 청춘야행| 별빛공원달빛거리| 겨울억새꽃축제| 산정호수썰매축제,포천시,I23
F0385,의왕백운예술제,예술,백운호수주차장,9,예술행사 체험,의왕시,I24
F0386,의왕철도축제,기술,"레솔레파크, 철도박물관 등",5,의왕철도축제 체험 및 공연,의왕시,I24
F0387,제27회 용문산 영목제,예술,용문산관광지내,10,산신제| 헌주제| 기원제,양평문화원,I25
F0388,2019 여주오곡나루축제(취소),역사,여주 신륵사관광지 일원,10,각종 공연 및 체험 농특산물 판매,재단법인 여주세종문화재단,I26
F0389,2019 제4회 이담농악두드림대축제,예술,중앙 도심교통광장,6,동두천시 무형문화재 제3호 이담농악보존회에서 주관하는 축제,이담농악보존회,I27
F0390,DDC할로윈클럽데이,문화,보산동 한미우호광장,10,할로윈데이를 모티브로 한 젊은층 맞춤형 페스티벌,경기관광공사,I27
F0391,동두천 청소년 별자리과학 축제,청소년,종합운동장,10,경기북부지역 청소년들의 과학과 수학에 대한 자신감과 흥미유발,(사)어수회,I27
F0392,동두천시 자원봉사 축제,나눔,송내동 시민평화공원,10,자원봉사자와 시민| 청소년 모두가 하나되는 나눔의 장,(사)동두천시자원봉사센터,I27
F0393,상패남산축제,문화,상패동수변공원,9,공연|체험|먹거리장터등,상패동주민자치위원회,I27
F0394,왕방산 국제MTB대회,운동,왕방산 일원,10,국제MTB대회,(사)대한자전거연맹,I27
F0395,제4회 동두천 국제 트레일러닝 대회,운동,종합운동장,4,천혜의 자연 경관을 바탕으로 명실상부한 국내 최고의 트레일러닝대회,럭엑스런,I27
F0396,천사마라톤대회,운동,종합운동장,10,천사데이기념 마라톤대회,사)희망지킴이 천사운동본부,I27
F0397,크리스마스트리축제,문화,동두천 큰시장 일원,11,크리스마스트리축제,크리스마스트리축제 조직위원회,I27
F0398,자라섬 국제재즈페스티벌,예술,가평읍 읍내리 자라섬 일원,10,재즈공연| 전시 및 체험| 먹거리 등,(사)자라섬청소년재즈센터,I28
F0399,2014 안양 아줌마축제,문화,평촌중앙공원,8,아줌마 축제 개막식 및 폐막식| 주민자치센터 동호회 공연  등,경인일보,I30
F0400,2014 안양시민축제,문화,"평촌중앙공원, 삼덕공원",9,시민공연마당| 전시체험부스| 특별기회전시| 개폐막 축하공연| 방송국 공개방송| 거리공연 등,(재)안양문화예술재단,I30
F0401,2015 안양 시민축제,문화,"평촌중앙공원, 삼덕공원",10,시민공연마당| 전시체험부스| 특별기회전시| 개폐막 축하공연| 방송국 공개방송 등,(재)안양문화예술재단,I30
F0402,2015 안양 아줌마축제,문화,평촌중앙공원,5,아줌마 축제 개막식 및 폐막식 공연| 주민자치센터 끼열전| 명사초청가요제 등,경인일보,I30
F0403,2017 광복기념음악회,예술,안양아트센터 관악홀,8,안양필하모닉 오케스트라연주| 안양시립합창단 공연 등 (우천으로 안양아트센터 관악홀 실내 진행),(재)안양문화예술재단,I30
F0404,2017 안양충훈벚꽃축제,꽃놀이,안양충훈2교일대,4,축하공연| 안양꽃길걷기대회| 안양꽃길그리기| 어린이벼룩시장| 거리공연| 체험부스 등,(재)안양문화예술재단,I30
F0405,2019 강원 미디어체험 페스티벌(강원 영상콘텐츠 시상식),미디어,강원시청자미디어센터,10,강원도 드론공모전 및 1인 미디어 크리에이터 우수활동가 시상식 및 미디어체험 부스 운영,시청자미디어재단 강원시청자미디어센터,J01
F0406,2019 강원 시민공동체미디어 포럼,미디어,강원시청자미디어센터,11,미디어교육 정보교류 및 제안 등 주제 발표 및 토론 진행,강원시청자미디어센터,J01
F0407,2019 강원청소년 영상캠프 미디어람,미디어,강원시청자미디어센터,7,강원도내 중고생 60명 대상 2박 3일 영상제작 집중캠프,시청자미디어재단 강원시청자미디어센터,J01
F0408,2019 무한청춘 페스티벌,문화,약사천 일대(예정),9,(세부 미정) 청년문화기획 프로그램 등,용역발주 예정,J01
F0409,2019 ''''방방곡곡 마을미디어'''' 마을미디어축제,미디어,강원시청자미디어센터,12,마을미디어활동 성과발표회(스트리밍 진행) 및 포럼,시청자미디어재단 강원시청자미디어센터,J01
F0410,2019 청소년창작영상제,미디어,강원도청소년수련원 3층 극장,12,청소년대상 영상공모전 및 시상식을 개최하여| 청소년들에게 미디어관련 진로탐색 기회 제공,강원도청소년수련원,J01
F0411,강원아트페어춘천전,예술,춘천문화예술회관 전시장,6,전시| 아트페어 등,(사)한국미술협회 춘천지부,J01
F0412,김유정문학제,예술,김유정문학촌,10,김유정문학상 시상식| 이야기대회| 민속놀이| 초청공연 등,(사)김유정기념사업회,J01
F0413,김유정추모제,제,김유정생가마당,3,추모공연| 추모사| 추모문집 봉정| 추모글 낭독 등,(사)김유정기념사업회,J01
F0414,마임교실 운영지원,교육,"축제극장 몸짓, 강원공연예술연습공간 외",5,마임교실운영,(사)춘천마임축제,J01
F0415,문화의거리 문화한마당,문화,춘천시 애막골 길,8,공연 및 시민체험프로그램,(사)춘천마임축제,J01
F0416,봄내예술제,봄,"공지천 야외공연장, 봄내극장, 춘천미술관, 아트플라자갤러리, 국립춘천박물관",5,전시| 음악회| 가요제| 국악무용| 연극 등,춘천예총,J01
F0417,소양강문화제,문화,송암스포츠타운,9,충의제| 문예공연| 동아리경연 등,춘천문화원,J01
F0418,전국관악경연대회,예술,춘천문화예술회관,8,관악경연대회,춘천전국관악경연대회조직위원회,J01
F0419,전국합창경연대회,문화,춘천문화예술회관,8,합창경연대회,강원도음악협회,J01
F0420,정월대보름축제,보름달맞이,공지천야외무대,2,길놀이| 취타대| 공연| 달집태우기 등,춘천문화원,J01
F0421,춘천가족음악축제,가족,공지천야외무대,9,가수공연,KBS춘천방송총국,J01
F0422,춘천국제고음악제,예술,"춘천문화예술회관, 국립춘천박물관, 봄내극장",9,클래식 음악공연,(사)춘천국제고음악제,J01
F0423,춘천연극제,문화,춘천문화예술회관,6,연극경연| 소소연극콘테스트| 연극인 나눔터,(사)춘천연극제,J01
F0424,춘천인음악회,문화,춘천호반체육관,6,음악회,춘천시음악협회,J01
F0425,춘천인형극제,문화,춘천인형극장 등,9,개막퍼레이드| 인형극 경연 및 공연 등,(재)춘천인형극제,J01
F0426,남한강 물축제,자연,"부론면 법천소공원, 남한강변 일원",7,용왕제/당산제/초청공연/풍등띄우기,남한강축제위원회,J02
F0427,원주 다이내믹 댄싱카니발,예술,"따뚜공연장, 젊음의 광장, 원일로, 문화의 거리 등 원주시 일원",9,댄싱카니발/테마가 있는 문화예술공연/프린지 페스티벌/프리댄싱 페스타/군부대 체험행사| 기타 부대행사 등,(재)원주문화재단,J02
F0428,원주 용수골 꽃 양귀비축제,꽃놀이,원주시 판부면 용수골길,5,양귀비 축제 체험장 설치/양귀비 꽃차등 부스 운영,용수골꽃양귀비축제추진위원회,J02
F0429,원주 한지문화제,역사,원주한지테마파크 일원,5,풀뿌리한지등 및 한지조형등전/한지뜨기 한마당/와글와글 종이놀이터/아티스트 워크숍/아트 플리마켓| 소공연 등 부대행사,원주한지문화제위원회,J02
F0430,장미축제,꽃놀이,단계동 장미공원,5,청소년댄스경연대회/장미꽃전시/장미가요제/부대행사,장미축제위원회,J02
F0431,강릉단오제,역사,강릉시 남대천 단오장 및 지정행사장,6,문화재행사| 공연| 체험| 전시| 시민참여행사| 경축부대행사및 난장 등,(사)강릉단오제위원회(사)강릉단오제보존회 외,J03
F0432,강릉망월제,역사,강릉남대천 일원,2,망월제례| 민속놀이 등,임영민속연구회,J03
F0433,강릉커피축제,먹거리,"강릉아레나, 안목해변",10,100인100미 강릉바리스타 퍼포먼스| 커피경연대회(바리스타| 핸드드립| 커핑| 마카롱) | 커피체험(로스팅| 추출| 커핑| 공예품 등)| 전시| 공연 등,강릉문화재단,J03
F0434,난설헌허초희 문화제,역사,허균허난설헌기념공원,4,솔밭음악회|체험|인형극 등,(사)교산·난설헌선양회,J03
F0435,허균문화제,역사,허균허난설헌기념공원,10,재례 및 허균문학 작가상 시상식| 학술대회| 한복체험| 인형극 공연 등,(사)교산·난설헌선양회,J03
F0436,동해무릉제,역사,천곡로타리 일원,10,개막식| 퍼레이드| 공연행사| 체험행사| 동대항 민속경기| 민속예술시연 등,동해문화원,J04
F0437,태백산눈축제,겨울,태백산국립공원 및 시내일원,1,개막행사| 대형눈조각전시| 체험공연프로그램 등,강원도 태백시,J05
F0438,한강낙동강발원지축제,문화,검룡소 및 황지연못 등 시내일원,7,야외영화상영| 중앙로 물놀이난장| 물총퍼레이드| 공연 및 체험프로그램 등,강원도 태백시,J05
F0439,둔내고랭지토마토축제,먹거리,둔내면사무소~둔내파출소 간,8,토마토풀장| 향토음식체험| 추억의 물총놀이 등,둔내고랭지토마토축제위원회,J09
F0440,안흥찐빵축제,먹거리,주천강 실미교 아래 둔치,9,안흥찐빵 시식 및 홍보| 농경문화 체험| 먹거리장터운영 등,안흥찐빵축제위원회,J09
F0441,횡성더덕축제,먹거리,청일면 유동3리 농거리야영장,8,더덕요리경연대회| 더덕캐기체험| 더덕품평회 등,횡성더덕축제위원회,J09
F0442,횡성한우축제,먹거리,횡서읍 섬강둔치 일원,10,한우구이터| 발골이벤트| 한우퍼레이드| 스템프투어 등,횡성문화재단,J09
F0443,대관령눈꽃축제,겨울,대관령면 횡계리 송천일원,1,눈조각전시+눈썰매체험,대관령면축제위원회,J11
F0444,오대산문화축전,문화,오대산 월정사,10,산사음악회+전시+불교문화체험,월정사,J11
F0445,평창더위사냥축제,여름,대화면 대화리 땀띠공원 일원,7,캠핑체험+물놀이+땀띠귀신사냥 워터워,평창더위사냥축제위원회,J11
F0446,평창백일홍축제,문화,평창읍 일원,9,백일홍 포토죤+ 문화예술공연,평창백일홍축제위원회,J11
F0447,평창송어축제,먹거리,진부면 오대천일원,12,송어얼음낚시+송어맨손잡기,평창송어축제위원회,J11
F0448,평창효석문화제,역사,봉평면 효석문화마을,9,메밀꽃 포토존+ 문화예술체험 및 공연,이효석문학선양회,J11
F0449,2018 정선고드름축제,예술,정선읍 조양강변,2,맨손 송어잡치 체험| 송어낚시| VR체험| 겨울테마 전시 등,(재)정선아리랑문화재단,J12
F0450,민둥산억새꽃축제,꽃놀이,남면 민둥산,9,등반대회|산신제,민둥산억새꽃축제추진위원회,J12
F0451,정선아리랑제,역사,정선읍 아라리공원,9,강원도 무형문화재 제1호인 정선아리랑의 전승보존 및 계승,(사)정선아리랑제위원회),J12
F0452,함백산야생화축제,꽃놀이,고한읍 함백산,7,야생화탐방,함백산야생화축제추진위원회,J12
F0453,DMZ마라톤대회,운동,방산면송현리,8,민관군 마라톤대회,전국마라톤협회,J15
F0454,곰취축제,먹거리,레포츠공원일원,5,곰취 현장채취체험| 곰취 떡메치기| 맨손물고기잡기| 양구산채 홍보 및 전시| 판매 및 먹거리 등,곰취축제집행위원회,J15
F0455,달맞이축제,해돋이,국민체육센터 앞,2,국토정중앙행사| 전통달맞이행사| 민속놀이경연|상설행사 등,양구문화원,J15
F0456,도솔산지구전투 전승행사,역사,레포츠공원일원,6,기념식| 추모식 및 전적지순례| 공연·전시 및 체험행사,도솔산전적문화제 집행위원회,J15
F0457,배꼽축제,문화,레포츠공원일원,8,전국배꼽가요제| 배꼽DJ페스타| 맨손물고기잡기| 배꼽물난리WAR| 배꼽댄스포메이션| 양구명품수박 전시·홍보·판매 등,배꼽축제집행위원회,J15
F0458,시래기축제,문화,해안면 펀치볼 힐링하우스광장일원,10,시래기 덕장체험| 시래기 떡메치기| 농촌체험| 사과 품평회 및 시식회| DMZ 평화바람길 걷기 등,시래기축제집행위원회,J15
F0459,양록제,문화,종합운동장,10,읍면대항 민속 및 체육경기| 양록제례| 양구문화예술축제| 농특산물 품평회| 금강산가는 옛길 걷기대회 등,양록제집행위원회,J15
F0460,인제빙어축제,먹거리,강원도 인제군 남면 부평리 빙어호,1,축제행사| 빙어낚시| 체험| 특산품 판매| 공연,(재)인제군문화재단,J16
F0461,진동계곡산나물축제,먹거리,강원도 인제군 기린면 진동리 농촌체험학교,5,공연행사| 체험행사| 특산품 판매,진동계곡산나물축제 추진위원회,J16
F0462,황태축제,먹거리,강원도 인제군 북면 용대3리 용대삼거리,6,공연행사| 체험행사| 특산품 판매,황태축제위원회,J16
F0463,제21회 고성통일명태축제,먹거리,강원도 고성군 거진읍 거진11리 해변,10,고성통일명태와 떠나는 평화 여행,고성통일명태축제위원회,J17
F0464,제37회 고성군민의 날 및 수성문화제,문화,고성종합운동장외 부대시설,9,수성제례| 군민의 날 행사 등,고성문화원,J17
F0465,양양문화제,문화,양양남대천 둔치 및 부대행사장,6,지역문화예술 전통축제,양양문화제위원회,J18
F0466,양양송이축제,먹거리,양양남대천 둔치 및 부대행사장,9,송이채취현장체험| 송이보물찾기체험 등,양양군축제위원회,J18
F0467,양양연어축제,먹거리,양양남대천 둔치 및 부대행사장,10,연어맨손잡이체험| 연어탁본 등,양양군축제위원회,J18
F0468,2020 청원생명축제,생명,오창읍 미래지농촌테마공원 일원,9,○ 농축산물 판매| 주요공연 등,청원생명축제추진위원회,K01
F0469,가드닝 페스티벌,문화,문암생태공원,5,○ 정원 전시| 시민참여 정원프로그램 운영 등,청주시 공원조성과,K01
F0470,제14회 세종대왕과 초정약수축제,역사,초정문화공원 일원,5,○ 어가행차 재현,청주문화원,K01
F0471,청남대 재즈토닉 페스티벌,문화,청남대,5,○ 재즈아티스트 공연| 타로아트 전시| 지역출신 재즈밴들 경연,㈜청주방송,K01
F0472,청주문화재야행,역사,청주 성안길 일원,8,○ 철당간 등 문화재를 테마로한 공연| 전시| 체험프로그램 운영,청주문화산업진흥재단,K01
F0473,청주읍성큰잔치,문화,청주중앙공원 일원,9,○ 시민퍼레이드| 성탈환퍼포먼스| 마당극| 학술대회 등,청주문화원,K01
F0474,2020 직지코리아 페스티벌,문화,청주예술의전당/청주고인쇄박물관,9,○ 유네스코 공식행사(직지상)| 전시| 학술| 체험 등,행사추진위원회,K02
F0475,우륵문화제,문화,충주공설운동장,9,문화행사| 공연| 전시|대회,우륵문화제추진위원회,K02
F0476,충주농산물한마당축제,먹거리,충주세계무술공원 일원,10,○ 키즈존| 매직&버블쇼| 농산물홍보관○ 사과백일장| 웅변대회| 요리왕 경연대회○ 인삼 및 군고구마장터| 농산물 시식| 떡나눔 행사○ 농산물 반값 할인이벤트| 와유바유체험| 화합의장 등,충주농산물한마당축제추진위원회,K02
F0477,충주호 꽃축제,꽃놀이,충주댐 물 문화관 광장 일원,4,○ 충주호벚꽃길 걷기대회○ 사생대회| 문화공연| 노래자랑 등,(사)충주시사회단체연합회,K02
F0478,충주호수축제,자연,탄금호 국제조정경기장,8,○ 레인보우페스티벌| 빛페스티벌○ 대형워터슬라이드| 물이벤트(물총|물대포|물싸움 등)○ 무동력 수상놀이 등,(재)충주중원문화재단,K02
F0479,겨울왕국 제천페스티벌,문화,시내 및 의림지 일원,12,겨울벚꽃 및 얼음 축제,(재)제천문화재단,K03
F0480,제16회 제천국제음악영화제,문화,"시내일원,청풍면,의림지",8,○ 핵심프로그램 : 개폐막식| 원썸머나잇| 의림썸머나잇○ 영화프로그램 : 음악을 주제로 한 영화상영(100여편)○ 음악프로그램 : 30여개 팀 공연 ○ 특별프로그램 : 거리의 악사 페스티벌| 제천영화음악제 아카데미|                                                        제천영화음악상| JIMFF포럼|  JIMFF동네극장 등,사단법인제천국제음악영화제,K03
F0481,제24회 청풍호 벚꽃축제,꽃놀이,청풍문화마을 및 제천시 일원,4,○ 핵심프로그램 : 개막식| 벚꽃축제 기념콘서트 등○ 상설 공연행사 : 지역문화예술단체 공연○ 전시 및 체험프로그램 운영 : 30여개 전시 및 체험프로그램○ 특별프로그램 : 청풍호 벚꽃쉼터| 시민 벚꽃길 걷기행사 등,재단법인제천문화재단,K03
F0482,제천겨울왕국페스티벌 시즌2,문화,시내 및 의림지 일원,12,○ 벚꽃 등의 LED조명 전시행사○ 벚꽃듀오가요제| 프로포즈 이벤트| 버스킹 공연 등○ 얼음성| 겨울빛 순주섬 전시행사○ 공어낚시| 아이스스노우 슬라이딩| 눈썰매| 얼음자전거 체험행사 등,재단법인제천문화재단,K03
F0483,제천국제음악영화제,문화,"시내일원,청풍면,의림지",8,음악영화제,제천국제음악영화제집행위원회,K03
F0484,제천의병제,문화,구동명초부지,10,의병제,(재)제천문화재단,K03
F0485,청풍호벚꽃축제,꽃놀이,청풍면,4,벚꽃축제,(재)제천문화재단,K03
F0486,2020 보은대추축제,문화,보은읍 뱃들공원,10,○ 전국 제일의 맛을 자랑하는 보은 대추·청정농특산물    실비판매| 다채로운 문화행사 체험○ 개폐막 공연| 주제공연 및 문화공연○ 기타 특별행사 및 전시 등,보은군축제추진위원회,K04
F0487,보은대추축제,문화,보은읍 뱃들공원,10,각종 문화예술공연 및 체험전시| 대추 및 농특산물 전시판매| 전국 민속 소싸움 대회 및 속리산 단풍가요제 등,충청북도 보은군청,K04
F0488,속리산 신(神) 축제,문화,"속리산 잔디공원, 법주사, 훈민정음 마당",5,천왕봉 산신제| 알프스 등반대회| 민속예술경연대회| 비빔밥 나눠먹기 체험 등,신(神) 축제 추진위원회,K04
F0489,속리산 신화여행축제,문화,"속리산 잔디공원, 법주사, 훈민정음 마당",7,○ 속리산 산신제 및 영신행차 ○ 천왕봉 산신제와 지역 역사 및 전통문화를 융합한      공연| 전시| 체험 프로그램 운영 ○ 개막공연| 전통문화공연 등 20여개 프로그램,속리산 신화여행축제 추진위원회,K04
F0490,제18회 보은동학제,역사,"장안면 장내리, 뱃들공원, 동학농민혁명기념공원",4,○ 장안취회| 위령제| 동학세미나 ○ 동학백일장| 동학퀴즈| 동학 체험행사 등,보은문화원,K04
F0491,제25회 오장환문학제,문화,오장환문학관 등,10,○ 오장환문학상 및 오장환신인문학상 시상○ 문학강연| 문학기행| 저명 작가와의 만남의 장○ 충북 초중학생 백일장 및 체험부스 운영,보은문화원,K04
F0492,감자옥수수 축제,먹거리,현리 생태공원 일원,7,감자옥수수 홍보 판매,옥수수·감자축제 위원회,K05
F0493,옥천깻잎축제,먹거리,군서초등학교 일원,6,깻잎 홍보 판매,옥천깻잎작목반연합회,K05
F0494,제12회 옥천참옻축제,문화,옥천 지용문학공원 일원,4,○ 옥천 참옻 홍보 및 판매○ 공연| 전시 및 체험행사 등,옥천참옻축제추진위원회,K05
F0495,제14회 향수옥천 포도복숭아축제,먹거리,옥천군 옥천공설운동장,7,○ 옥천 포도복숭아 역사전시관○ 포도따기 체험| 품종 전시관 운영 등○ 개막축하음악회| 청소년페스티벌| 가요제 등 문화공연○ 기타 보조무대 공연 및 체험행사 운영 등,옥천군 농업기술센터친환경농축산과,K05
F0496,제21회 옥천묘목축제,자연,옥천묘목공원 일원,3,○ 묘목나누어주기○ 묘목가요제 등 공연 프로그램 운영○ 전시 및 체험행사 등,옥천묘목축제추진위원회,K05
F0497,제33회 지용제,문화,정지용생가 일원,5,○ 시인과 함께하는 시노래공연| 고향테마파크향수민속촌○ 정지용을 테마로한 공연 프로그램 운영   - 동북아국제문학포럼| 문학관광열차| 시춤페스티벌 등○ 전시 및 체험행사 등,지용회,K05
F0498,제45회 중봉충렬제,문화,표충사 일원 / 관성회관,10,○ 중봉조헌추모제향 및 영규대사 추모제,옥천청년회의소,K05
F0499,향수옥천 포도복숭아축제,먹거리,옥천군 옥천공설운동장,7,포도·복숭아 홍보판매,옥천군포도연합회,K05
F0500,대한민국와인축제,술,영동군 영동읍 영동천일원(하상주차장),10,○ 한국와인대상 ○ 와인을 테마로한 공연| 전시| 체험프로그램 운영 ○ 영동와이너리 생산 와인전시 및 판매| 공연 등 ○ 개장식 및 연계행사 등등,영동축제관광재단,K06
F0501,영동곶감축제,먹거리,영동군 영동읍 영동천일원(하상주차장),1,○ 개장식 및 개막식행사 ○ 눈썰매장 체험○ 어린이 프로그램 뽀로로공연○ 곶감시식 판매행사○ 곶감따기 체험장 등 이벤트프로그램 운영○ 영동곶감 한마음 콘서트,영동축제관광재단,K06
F0502,영동포도축제,먹거리,영동군 영동읍 영동군체육관 일원,8,○ 포도밟기○ 포도따기○ 포도낚시등 40여종 체험운영○ 물놀이장 운영○ 공연분야 : 개막식| 개막축하공연| 어린이 공연 번개맨상설공연| 불꽃놀이등○ 전시 및 먹거리분야 : 과일종합전시관| 먹거리장터운영○ 기타분야 : 국악체험촌 국악공연| 농촌체험마을 ○ 연계행사 :  영동포도 전국마라톤대회| 추풍령가요제,영동축제관광재단,K06
F0503,들노래축제,예술,증평민속체험박물관 일원,6,전통문화를 소재로 한 다채로운 문화예술공연과 전통농경문화를 바탕으로 한 두레농요 시연,증평들노래축제추진위원회,K07
F0504,생거진천 농다리축제,먹거리,농다리 일원,5,ㅇ상여다리건너기ㅇ농사철다리건너기| 농다리 전국가요제| 농다리 놓기   재연 및 사물놀이 한마당ㅇ견지낚시대회| 백일장 및 사생대회| 농다리 씨름대회ㅇ20주년 특집 고려시대 저자거리 전시|체험 부스 등,농다리축제추진위원회,K07
F0505,생거진천 문화축제,문화,충북 진천군 진천읍 백곡천 둔치 일원,10,ㅇ군민 가요제ㅇ문화예술공연| 민속경기| 길놀이ㅇ건강박람회| 기업체 우수제품 홍보판매관ㅇ평생학습축제| 향토음식 경연대회ㅇ농특산물전시판매행사| 향토 먹거리장터 등,생거진천문화축제추진위원회,K07
F0506,인삼골축제,문화,증평보강천체육공원일원,10,증평의 특산품은 인삼과 홍삼포크를 소재로 가요제| 씨름대회 등 각종 행사가 어우러지는 지역축제,증평인삼골축제추진위원회,K07
F0507,증평들노래축제,문화,증평민속체험박물관 일원,6,○ 핵심프로그램(장뜰두레농요 시연) ○ 전통 농경문화를 테마로 한 공연| 전시| 체험프로그램 운영 ○ 개막 공연 및 문화공연(효콘서트 국악한마당| 사랑의 퓨전음악회| 전통민속놀이 한마당) ○체험행사(물고기·우렁이잡기| 감자캐기| 논놀이·농경체험| 오감체험 등) ○ 경연행사(전국국악경연대회| 전국시조경창대회 등) ○ 전시행사(사진전시| 시화전시 등),증평예총,K07
F0508,증평인삼골축제,먹거리,증평보강천 체육공원일원,10,○ 핵심프로그램(인삼캐기체험| 홍삼포크삼겹살대잔치) ○ 인삼| 홍삼포크를 테마로 한 공연| 전시| 체험프로그램 운영 ○ 개막 공연 및 문화공연(열린콘서트| 인삼골합창제| 인삼골군악콘서트) ○ 경연행사(국제청소년페스티벌| 인삼장사씨름대회| 인삼골가요제| 증평인삼어린이사생대회| 백곡김득신백일장) ○ 기타 전시·체험행사| 참여행사 등,증평문화원,K07
F0509,감물감자축제,먹거리,감물면사무소 일원,6,농특산물(감자) 홍보 및 지역홍보,감물면 축제추진위원회,K09
F0510,괴산고추축제,먹거리,괴산군청 앞 광장,8,괴산고추 등 농특산물 홍보| 괴산지역 문화소개,괴산축제위원회,K09
F0511,괴산고추축제,먹거리,괴산군청 앞 광장,9,ㅇ황금고추를 찾아라(킬러콘텐츠)| 속풀이고추난타ㅇ고추를 테마로 한 공연| 전시 체험프로그램(100여종)ㅇ지역농특산물직판장운영(고추|옥수수 등),괴산축제위원회,K09
F0512,괴산김장축제,먹거리,괴산군청 앞 광장 및 동진천 일원,10,ㅇ김장공연 및 놀이마당| 우리가족 김장담그기 행사ㅇ절임배추와 김장을 테마로한 전시 및 체험프로그램ㅇ각종 전국단위 경연대회 및 캠핑 등ㅇ농특산물 판매장 및 김장재료 판매장,괴산축제위원회,K09
F0513,괴산올갱이축제,먹거리,칠성면 둔율마을 일원,8,농특산물(올갱이) 홍보 및 지역홍보,둔율올갱이마을 영농조합법인,K09
F0514,괴산유기농페스티벌,먹거리,유기농엑스포광장(괴산군청 앞),10,ㅇ개막식(축하공연) 및 폐막식ㅇ괴산역사 및 엑스포 사진전 및 유기농산물 전시 등ㅇ유기농열차| 곤충체험| 전통문화 등 16종 체험행사ㅇ유기농산물 및 일반농산물 등 농특산물 판매장,괴산군유기농업인연합회,K09
F0515,목도백중놀이,문화,불정면 목도강수욕장 일원,10,백중관련 전통놀이 시연 및 농특산물 홍보,불정면 리우회,K09
F0516,문광은행나무마을축제,자연,문광면 양곡저수지 일대,10,은행굽기| 김장체험,은행나무마을축제추진위원회,K09
F0517,백마권역겨울놀이축제,겨울,사리백마권역활성화센터일원,1,눈썰매 타기 얼음썰매타기 빙어뜰채잡기,백마권역영농조합법인,K09
F0518,연풍조령제 및 자전거문화축제,운동,연풍면 연풍중학교 일원,10,조령제 및 전통문화 시연| 한지관련 체험| 자전거 대회 등,연풍면 축제추진위원회,K09
F0519,청천환경문화축제,자연,청천면 환경문화전시관 일대,8,환경관련 문화행사 및 지역농특산물 홍보,청천환경문화축제추진위원회,K09
F0520,고추축제,먹거리,설성공원,8,고추축제,음성문화원,K10
F0521,설성문화제,역사,종합운동장,8,민속놀이,설성문화제기획실무위원회,K10
F0522,설성문화제,역사,종합운동장,10,○ 음성 지역의 전통문화 계승 발전| 군민화합의 장으로 음성군 최대 전통 문화행사 ○ 음성민속예술한마당놀이| 음성군민노래자랑| 청소년 어울마당| 군민위안의 밤|     문화예술 초청공연| 문화예술인 한마당 페스티벌| 음성전통민속경연대회 ○ 체험행사: 전통 먹 고인쇄 체험| 전통 먹물 염색 체험| 물레 체험| 전통 금속공예 체험|     한지 체험| 천연염색 체험| 전통한복 체험 등 35개 체험,설성문화제 기획실무위원회,K10
F0523,음성들깨축제,먹거리,음성체육관,10,심포지엄 및 전국요리경연대회,음성들깨농촌융복합산업사업단,K10
F0524,음성품바축제,문화,설성공원,5,품바공연,품바축제기획실무위원회,K10
F0525,음성품바축제,문화,설성공원,5,○ 대표프로그램: 품바길놀이퍼레이드|품바래퍼경연대회| 관광객과 함께하는 품바공연 ○ 해학과 풍자를 테마로한 품바공연| 퍼레이드 등 다양한 체험 프로그램 운영 ○ 기타프로그램: 품바뮤지컬| 품바왕선발대회| 품바의상패션쇼| 천인의 엿치기| 품바움막짓기대회|      천인의 품바비빔밥나누기|품바가요제| 품바사진촬영대회| 전국 청소년 품바댄스 경연대회|  ○ 꽃동네 프로그램: 러브인액션스쿨| 독거노인에게 사랑과  희망을| 장애인과 함께  사랑과 희망을|      전국 사할린 동포 한마음 대회 ○ 음성군농특산물 판매 ○ 전통한방체험관| 최귀동인류애 봉사대상 시상| 유니세프기금 모금,품바축제기획실무위원회,K10
F0526,인삼축제,먹거리,금왕읍 응천,9,인삼축제,음성군인삼연합회,K10
F0527,평생학습대축제,교육,음성체육관,10,평생학습체험,음성군,K10
F0528,제14회 단양마늘축제,먹거리,단양생태체육공원,7,○ 개막식/축하음악회○ 마늘관련 전시·체험행사| 농특산물 판매,단양마늘축제추진위원회,K11
F0529,제24회 단양 온달문화축제,역사,영춘면 온달관광지 및 단양읍 일원,10,○ 고구려 테마존○ 온달?평강 거리 퍼포먼스| 공연|   체험프로그램 운영,온달문화축제추진위원회,K11
F0530,제37회 단양소백산철쭉제,꽃놀이,단양읍 상상의 거리 및 소백산 일원,5,제37회 단양소백산철쭉제,소백산철쭉제추진위원회,K11
F0531,제38회 단양 소백산 철쭉제,꽃놀이,단양읍 상상의 거리 및 소백산 일원,5,○ 가족과 함께하는 소백산행○ 소백산철쭉을 주제로 전시| 공연| 체험 프로그램 운영,소백산철쭉제추진위원회,K11
F0532,제5회 쌍둥이 힐링 페스티벌,문화,단양군·읍 나루공연장 일원,4,○ 쌍둥이 가족 장기자랑○ 쌍둥이 가족 및 일반인 대상 각종 체험 행사,단양문화원,K11
F0533,대학가요제 및 연합축제,문화,안서동 천호지,10,○  11개 대학 동아리 경연대회| 부스전시| 특별공연| 포토존 운영○ 천호지길 카페거리에서 대학 버스킹 공연○ 대학문화 거리에서 대학연합 동아리 연극 공연,천안문화재단,L01
F0534,입장거봉포도축제,먹거리,입장초등학교운동장,9,거봉가요제 등,입장거봉포도축제추진위원회(041-521-6847),L01
F0535,천안북면위례벚꽃축제,꽃놀이,북면은석초등학교운동장,4,아름다운 벚꽃길(14km)이 펼쳐지는 청정지역 홍보,북면위례벚꽃축제추진위원회,L01
F0536,천안북면위례벚꽃축제,꽃놀이,북면은석초등학교운동장,4,○아름다운 벚꽃길(14km)이 펼쳐지는 청정지역 홍보 ○개.폐막공연| 사생대회| 가요제 ○아름다운 지역사진 전시회. 솟대마을만들기 ○지역 농.특산물 판매타 특별행사 및 전시 등등,북면위례벚꽃축제추진위원회041-521-4721,L01
F0537,천안성환배축제,먹거리,성환문화회관,10,공연 전시 품평회 판매 이벤트 등,성환청년회의소,L01
F0538,천안성환배축제,먹거리,성환문화회관,10,공연| 전시| 품평회| 판매| 이벤트 등,성환청년회의소(041-581-1771),L01
F0539,천안예술제,예술,도솔광장,10,9개지부별(문인|연극|미술|무용|사진|음악|연예|국악| 영화) 작품발표회 및 전시 공연 등,천안예총,L01
F0540,천안예술제,예술,도솔광장,10,○ 9개지부별(문인|연극|미술|무용|사진|음악|연예|국악| 영화) 작품발표회 및 전시|공연 등○ 부대| 체험행사 등,천안예총(041-561-1522),L01
F0541,천안춤영화제,미디어,영화관,9,영상공모전  야외상영회,(재)충남문화산업진흥원,L01
F0542,천안춤영화제,미디어,영화관,9,○ 영상공모전○ 야외상영회○시민참여형 영화제 운영○상명 및 부대프로그램(G.V.운영),(재)충남문화산업진흥원041-415-0096,L01
F0543,천안호두축제,먹거리,광덕쉼터,10,호두사랑노래경연대회 호두 전시 및 판매장 운영,천안시호두축제추진위원회,L01
F0544,천안호두축제,먹거리,광덕쉼터,10,○ 광덕산 등반대회| 호두사랑노래경연대회| 개폐막공연 등     - 3개분야 10여개 프로그램 ○ 호두 전시 및 농특산물 판매장 운영,천안시호두축제추진위원회(041-521-4701),L01
F0545,천안흥타령춤축제,역사,삼거리공원,9,춤경연 거리댄스퍼레이드 국제춤대회 등,천안문화재단,L01
F0546,2017 겨울공주군밤축제,먹거리,금학생태공원,12,눈썰매장 및 겨울놀이시설 운영,겨울공주 군밤축제추진위원회,L02
F0547,2018 계룡산산신제,제,계룡면 양화리 신원사일원,4,유.불.무가식 산신제|점사체험| 기체험| 다양한 무대공연 등,계룡산산신제보존회,L02
F0548,2018 마곡사토요무대,문화,마곡사관광지 야외무대,7,버스킹공연| 프린지공연| 섹소폰 연주| 국악연주 등,마곡사상인연합회,L02
F0549,2018 웅진성수문병 근무교대식,문화,공산성 금서루,4,수문병 근무교대식| 공산성 성벽극장 인형극| 관광객과 함께하는 어가행렬,웅진문화회,L02
F0550,2019 백제어울마당,역사,송산리고분군(무령왕릉) 일원,5,미마지탈극| 무예극| 백제탈 체험 등,JK커뮤니케이션,L02
F0551,2019 웅진성수문병 근무교대식,문화,공산성 금서루,5,수문병 근무교대식| 체험프로그램 등,봉황기획,L02
F0552,2019겨울공주군밤축제,먹거리,고마아트센터,1,눈썰매장 및 겨울놀이시설 운영,겨울공주 군밤축제추진위원회,L02
F0553,갑사황매화 축제,꽃놀이,갑사일원,4,문화공연| 체험| 갑사 과거사 사진전시회 등,갑사번영회,L02
F0554,계룡산벚꽃축제,꽃놀이,계룡산 동학사 일원,4,야간경관 설치| 계룡산벚꽃가요제| 분청사기 만들기| 먹거리 운영 등,계룡산축제추진위원회,L02
F0555,공주 금강여름축제,자연,고마아트센터,7,국악&재즈공연| 프린지공연| 밴드경연대회| 물놀이 체험및 전시| 먹거리 운영 등,공주 금강여름축제조직위원회,L02
F0556,공주 석장리 세계구석기축제,역사,석장리박물관,5,네안데르탈인 특별전시전| 별빛토크쇼| 구석기문화 체험 등,공주석장리구석기축제조직위원회,L02
F0557,공주항공축제,기술,공주경비행기장(정안천 일원),5,경량항공기 활주로 주행체험| 포토존| 물로켓 만들기등,공주경비행기,L02
F0558,마곡사 신록축제,예술,사곡면 운암리 마곡사일원,4,명상길 걷기|템플스테이| 전국 학생그림그리기 대회,마곡사신록축제추진위원회,L02
F0559,백제 어울마당,역사,공산성,4,백제기악 미마지탈극| 백제춤추기 체험 등,봉황기획,L02
F0560,백제문화제,역사,금강신관공원 및 공산성 일원,9,K-POP 한류페스티벌| 웅진성퍼레이드| 체험마당| 먹거리마당| 농특산물판매 등,공주시백제문화선양위원회,L02
F0561,제15회 마곡사신록축제,자연,사곡면 운암리 마곡사일원,5,버스킹공연| 소나무심기| 야생화 전시| 농특산물 판매 등,마곡사신록축제추진위원회,L02
F0562,제63회 백제문화제,역사,금강신관공원,9,웅진성퍼레이드|체험마당| 무대공연|농특산품전시 및 판매,백제문화선양위원회,L02
F0563,제64회 백제문화제,역사,금강신관공원 및 공산성 일원,99,K-POP 한류페스티벌| 웅진성퍼레이드| 체험마당| 먹거리마당| 농특산물판매 등,공주시백제문화선양위원회,L02
F0564,2019 대천겨울바다 사랑축제,바다,충청남도 보령시 대천해수욕장 일원,12,겨울바다와 빛의 로맨스가 함께하는 다양한 체험,(재)보령축제관광재단,L03
F0565,무창포신비의바닷길축제,바다,무창포해수욕장 일원,8,신비한 자연현상인 바닷길에서 잊지못할 전통 어업 방식 체험,무창포신비의바닷길축제추진위원회,L03
F0566,보령머드축제,머드,대천해수욕장 일원,7,천혜의 보령 머드 속에 빠지고 뒹굴며 머드를 체험하자,(재)보령축제관광재단,L03
F0567,제20회 만세보령문화제,역사,충청남도 보령시 종합경기장 일원,10,보령시민 문화제,만세보령문화제추진위원회,L03
F0568,제21회 무창포 신비의 바닷길 축제,바다,충청남도 보령시 무창포해수욕장 일원,8,바닷길을 활용한 횃불어업 등 전통어업체험,무창포신비의바닷길축제추진위원회,L03
F0569,제22회 보령머드축제,머드,충청남도 보령시 대천해수욕장 일원,7,머드체험시설 및 갯벌체험 등,(재)보령축제관광재단,L03
F0570,도고 코미디 핫 페스트 IN 아산,미디어,파라다이스도고 잔디광장,9,개폐막식| 코미디공연| 거리공연 및 부대행사,(재)아산문화재단,L04
F0571,설화예술제,예술,신정호 야외음악당 및 이순신체육관,9,개폐막식| 지역예술인창작발표 공연 및 전시,(사)한국예총 아산지회,L04
F0572,신정호 별빛축제,자연,아산시 신정호 야외음악당 및 잔디 일원,8,영화상영| 시네마토크| 지역예술단체공연,(재)아산문화재단,L04
F0573,아산성웅이순신축제,역사,온양온천역,4,가요베스트|지역예술인 공연다례제 및 마라톤대회불꽃놀이,(재)아산문화재단,L04
F0574,아산성웅이순신축제,역사,온양온천역 광장 및 시내일원,4,승전행렬 퍼레이드| 개폐막공연| 전시체험 및 기타부대행사,(재)아산문화재단,L04
F0575,은행나무길 축제,자연,곡교천 은행나무길,10,공연| 프리마켓| 거리공연,(재)아산문화재단,L04
F0576,짚풀문화제,자연,아산 외암민속마을,10,전통혼례재연·떡메치기 등 33여개 전통체험운영| 짚풀공예품 등 각종 전시| 국악공연·마물놀이 등 공연,외암민속마을보존회,L04
F0577,간월도어리굴젓수산물한마당,먹거리,서산시 부석면 간월도리 일원,11,공식행사| 각종체험(바지락캐기| 어선체험| 굴까기 체험 및 밑반찬용 굴 무치기 등)| 부대행사| 전시행사 등,간월도어리굴젓수산물한마당추진위원회,L05
F0578,류방택 별 축제,별,천문기상과학관,5,굴절망원경 만들기| 소유주 로켓 만들기| 천체관측과 기상기기 체험 등,사)금헌류방택기념사업회,L05
F0579,삼길포우럭독살체험축제,먹거리,서산시 대산읍 삼길포항,8,공식행사| 축하공연| 독살체험| 수산물 시식회|에어바운스 물고기 잡기| 수산물 전시 및 판매| 노래자랑 및 장기자랑 등,삼길포축제위원회,L05
F0580,삼길포우럭축제,먹거리,서산시 대산읍 삼길포항,7,공식행사| 축하공연| 독살체험| 수산물 시식회|에어바운스 물고기 잡기| 수산물 전시 및 판매| 노래자랑 및 장기자랑 등,삼길포축제위원회,L05
F0581,서산6쪽마늘축제,먹거리,서산시 해미면 해미읍성,7,6쪽마늘 판매| 공연| 체험 등,서산6쪽마늘축제추진위원회,L05
F0582,서산갯마을 뻘낙지축제,먹거리,서산시 지곡면 중왕리 포구,10,공식행사| 먹물 퍼포먼스| 수산물 시식| 수산물 전시 및 판매| 바지락캐기|  먹물글씨쓰기| 낙지잡기 등,서산갯마을뻘낙지축제위원회,L05
F0583,서산국화축제,꽃놀이,서산시 고북면 가구리 한농원,11,야외전시장 조성| 작품국전시| 문화예술공연| 체험행사| 농특산물 홍보 판매 등,서산국화축제추진위원회,L05
F0584,서산뻘낙지먹물축제,먹거리,서산시 지곡면 중왕리 포구,9,공식행사| 먹물 퍼포먼스| 수산물 시식| 수산물 전시 및 판매| 바지락캐기|  먹물글씨쓰기| 낙지잡기 등,서산갯마을뻘낙지축제위원회,L05
F0585,서산시국화축제,꽃놀이,서산시 고북면 가구리 한농원,10,야외전시장 조성| 작품국전시| 문화예술공연| 체험행사| 농특산물 홍보 판매 등,서산국화축제추진위원회,L05
F0586,서산어리굴젓축제,먹거리,서산시 부석면 간월도리 일원,10,공식행사| 각종체험(바지락캐기| 어선체험| 굴까기 체험 및 밑반찬용 굴 무치기 등)| 부대행사| 전시행사 등,간월도어리굴젓수산물한마당추진위원회,L05
F0587,서산해미읍성역사체험축제,역사,서산 해미읍성,10,주제체험(세계의 민속놀이 해미읍성에서 놀아보자)| 기획프로그램| 전통문화공연| 상설프로그램 및 체험프로그램| 연계프로그램 등,서산해미읍성역사체험축제추진위원회,L05
F0588,서산해미읍성축제,역사,서산시 해미면 해미읍성,10,주제체험(세계의 민속놀이 해미읍성에서 놀아보자)| 기획프로그램| 전통문화공연| 상설프로그램 및 체험프로그램| 연계프로그램 등,서산해미읍성축제추진위원회,L05
F0589,지곡왕산포서산갯마을축제,머드,서산시 지곡면 중왕리 왕산 포구,6,바지락 빨리까지| 바지락 무게맞추기|  노래자랑| 바지락캐기(유료)| 맨손으로 물고기잡기| 무궁화예술단공연| 농특산물홍보판매 등,지곡왕산포서산갯마을축제추진위원회,L05
F0590,팔봉산감자축제,먹거리,팔봉면 양길리 주차장 일원,6,감자캐기체험| 농특산물 직거래| 무대공연 등,팔봉산감자축제추진위원회,L05
F0591,해미벚꽃축제,꽃놀이,해미면 해미천,4,벚꽃음악회| 농특산물 홍보 및 판매장 운영| 각종 전시 및 체험행사 등,해미벚꽃축제추진위원원,L05
F0592,강경젓갈축제,먹거리,강경둔치 일원,10,강경젓갈 우수성 홍보,강경젓갈축제추진위원회,L06
F0593,논산대둔산철쭉제,꽃놀이,벌곡면 대둔산주차장 및 월성봉,4,등산객 및 관광객들에게 산철쭉의 화사한 봄의 비경 선사,벌곡면주민자치회,L06
F0594,논산딸기축제,먹거리,논산시 대교하상주차장,3,논산딸기 우수성 홍보,논산딸기축제추진위원회,L06
F0595,상월명품고구마축제,먹거리,금강대학교,8,고구마 판매 및 캐기체험,상월명품고구마축제추진위원회,L06
F0596,양촌곶감축제,먹거리,충청남도 논산시 양촌면 양촌리 454번지 체육공원,12,곶감축제,양촌곶감축제추진위원회,L06
F0597,연산백중놀이,문화,논산시 연산시장,8,연산백중놀이 정기공연,연산백중놀이보존회,L06
F0598,2019계룡세계軍문화축제,문화,계룡대활주로,10,軍문화 관련 공연| 전시| 체험| 이벤트 등,(재)계룡軍문화발전재단,L07
F0599,기지시줄다리기 민속축제,문화,기지시줄다리기 박물관 일원,4,국수봉당제| 시장기원제| 그네뛰기 등 민속놀이| 스포츠 줄다리기| 줄고사| 줄나가기| 줄다리기 등,기지시줄다리기 축제위원회,L08
F0600,면천 진달래축제,꽃놀이,면천읍성 앞 광장 및 면천일원,4,진달래 사생대회 및 백일장| 진달래 어린이 장사 씨름대회| 진달래 청소년 가요제| 진달래 음식체험 등,향토발전진달래,L08
F0601,심훈상록문화제,자연,당진시청 일원,9,심훈문학상 수상| 심훈상록수연극공연| 심훈청소년국악제 등,심훈상록문화제 집행위원회,L08
F0602,왜목해돋이축제,해돋이,왜목마을 일대,12,소원지 태우기| 일출 감상| 떡국 나눔행사 등,충청남도 당진시,L08
F0603,장고항 실치축제,먹거리,장고항 일대,4,맨손고기잡이| 수산물경매| 실치로 뱅어포 만들기| 사물놀이| 노래자랑 등,당진수산업협동조합,L08
F0604,한진포구 바지락 갯벌체험축제,머드,한진포구 일대,5,바지락캐기| 바다낚시체험| 경품행사| 바지락요리시식회| 불꽃놀이,한진 바지락 축제위원회,L08
F0605,금강여울축제,자연,부리면 금강놀이마당,7,ㅇ산꽃 술래길 건강걷기ㅇ숲속 작은 음악회| 산꽃음악회 등 공연프로그램 ㅇ산골 화덕음식체험| 산꽃손수건만들기 등 참여프로그램,금산축제관광재단,L09
F0606,금강여울축제,자연,부리면 금강놀이마당,7,강변슬라이딩| 금강족욕| 민물고기잡기| 경운기투어| 여치집만들기| 농바우끄시기| 물페기농요 등 민속공연,물페기농요보존회,L09
F0607,금산인삼축제,먹거리,금산인삼관 광장 및 인삼약초시장 일원,9,인삼캐기체험| 건강체험관| 어린이힐링놀이터|인삼아트거리 등 체험,금산축제관광재단,L09
F0608,금산인삼축제,먹거리,금산인삼관 광장 및 인삼약초시장 일원,10,ㅇ인삼캐기체험| 건강체험관| 어린이힐링놀이터|인삼아트거리 등 체험ㅇ건강댄스경연|힐링콘서트| 전국창작동요경연대회 등 경연|공연ㅇ국제인삼교역전| 인삼왕수상작 전시 등 전시교역,금산축제관광재단,L09
F0609,금산천봄꽃축제,꽃놀이,금산읍 금산천 일원,4,봄꽃노래자랑| 소원꽃잎적기| 주민자치센터공연| 봄꽃카페 등,금산천봄꽃축제추진위원회,L09
F0610,남일면홍도화축제,꽃놀이,남일면 홍도마을 일원,4,ㅇ홍도화가요제| 홍도화 길 꽃마차| 송어잡기체험| 나무곤충만들기 등,남일면홍도화축제추진위원회,L09
F0611,비단고을산꽃축제,꽃놀이,군북면 산꽃벚꽃마을 오토캠핑장,4,ㅇ강변슬라이딩| 금강족욕| 민물고기잡기 등 강변문화체험ㅇ경운기투어| 여치집만들기 등 외갓집체험ㅇ농바우끄시기| 물페기농요 등 민속공연,금산축제관광재단,L09
F0612,비단고을산꽃축제,꽃놀이,군북면 산꽃벚꽃마을 오토캠핑장,4,산꽃 술래길 건강걷기| 숲속 작은 음악회| 산꽃음악회 등 공연프로그램 등,보곡산골마을회,L09
F0613,백제문화제,역사,부여 구드래 일원,9,사비 백제 역사를 담은 문화제,(재)백제문화제추진위원회,L10
F0614,부여서동연꽃축제,꽃놀이,서동공원,7,연꽃과 서동선화의 사랑이야기를 담은 각종 전시| 공연| 체험 등,부여서동연꽃축제추진위원회,L10
F0615,동백꽃 주꾸미 축제,먹거리,서면 마량리 동백나무숲 일원,3,어린이 주꾸미 낚시 체험| 동백나무숲 보물찾기 이벤트,서면개발위원회,L11
F0616,마량포 해넘이.해돋이 축제,해돋이,서면 마량포구 일원,12,덕담엽서 보내기| 새해 떡국나눔행사| 불꽃놀이| 신년 카운트다운 등,서면개발위원회,L11
F0617,자연산 광어.도미 축제,먹거리,서면 마량포구 일원,5,맨손으로 광어잡기 체험| 기념공원에서 보물찾기,서면개발위원회,L11
F0618,춘장대해수욕장 여름문화예술축제,여름,춘장대해수욕장 중앙광장,7,전국 가요제,춘장대해수욕장 운영협의회,L11
F0619,춘장대해수욕장 여름문화예술축제,여름,춘장대해수욕장 중앙광장,8,한여름밤의 트롯이야기| 춘장대 시네마| 춘장대 푸파 페스티벌 등,춘장대해수욕장 운영협의회,L11
F0620,한산모시문화제,역사,한산모시관 일원,6,한산모시를 주제로 하는 다양한 프로그램 운영,한산모시문화제추진위원회,L11
F0621,홍원항 자연산 전어.꽃게 축제,먹거리,서면 홍원항 일원,9,맨손으로 전어 잡기 체험| 추억의 놀이 체험| 숨셔진 보물을 찾아라| 비눗방울 놀이 등,홍원항마을축제추진위원회,L11
F0622,장승문화축제,문화,장승공원일원,4,장승대제| 장승깍기등 장승   관련행사,장승축제추진위원회,L12
F0623,제20회 청양고추.구기자축제,먹거리,백세공원일원,8,고추판매 및 체험프로그램| 공연 등,청양고추구기자축제추진위원회,L12
F0624,제21회 장승문화축제,문화,장승공원일원,4,장승대제 등,청양문화원,L12
F0625,청양고추.구기자축제,먹거리,백세공원일원,9,고추판매 및 체험프로그램| 공연 등,청양고추구기자축제추진위원회,L12
F0626,광천토굴새우젓광천김축제,먹거리,광천읍 일원,10,광천읍 특산품인 토굴새우젓과 광천김 축제,광천토굴새우젓광천김대축제추진위원회,L13
F0627,홍성남당항 대하축제,먹거리,홍성남당항 일원,8,남당항 대표 특산물 축제,남당항 축제추진위원회,L13
F0628,홍성남당항 새조개축제,먹거리,홍성남당항 일원,2,남당항 대표 특산물 축제,남당항 축제추진위원회,L13
F0629,홍성남당항대하축제,먹거리,남당항 일원,2,대하 특산물 홍보 및 판매,남당항축제추진위원회,L13
F0630,홍성남당항새조개축제,먹거리,남당항 일원,4,새조개 특산물,남당항축제추진위원회,L13
F0631,홍성역사인물축제,역사,홍주읍성,9,역사현장타임머신체험| 홍주읍성 히어로 파사드| 훈민정음 해례본체험| 홍주읍성 기억 사진관 등,홍성역사인물축제추진위원회,L13
F0632,홍성역사인물축제,역사,홍주읍성일원,9,6인의 홍성의 역사인물을 모티브로 한 문화축제,홍성역사인물축제추진위원회,L13
F0633,예산장터삼국축제,먹거리,예산전통시장,10,예산의 국화| 국밥| 국수의 맛과 멋을 찾아 예산장터로 떠나는 가을여행축제,예산문화원,L14
F0634,윤봉길평화축제,역사,충의사 일원,4,윤봉길 의사의 4.29 의거를 기념하는 독립운동가축제,윤봉길평화축제추진위원회,L14
F0635,의좋은형제축제,문화,의좋은형제공원,10,의좋은형제 이야기를 소재로 한 체험형 관광축제,의좋은형제축제추진위원회,L14
F0636,꽃지저녁노을축제,해돋이,꽃지해안공원,12,연날리기 및 떡국나누기,(사)태안반도안면청년회,L15
F0637,백화산 해맞이 행사,해돋이,백화산 정상,1,신년 해맞이 소원 풍선 날리기,태안청년회의소,L15
F0638,연포 해맞이 행사,해돋이,연포해수욕장,1,신년 해맞이 소원 풍선 날리기,연포해수욕장번영회,L15
F0639,태안 몽산포항 주꾸미&수산물 축제,먹거리,몽산포항,4,주꾸미시식| 물고기잡기 등,몽산포항 주꾸미&수산물 축제위원회,L15
F0640,태안 세계툴립축제,꽃놀이,꽃지해수욕장 해안공원,4,튤립,(주)네이처농업회사법인,L15
F0641,태안국제모래조각 페스티벌,바다,신두리 사구센터,7,모래조각 경연대회 등,국제모래조각 페스티벌 추진위원회,L15
F0642,군산시간여행축제,역사,시간여행마을 및 근대역박물관 일원,10,근대문화축제,군산시간여행축제추진위원회,M02
F0643,보석대축제,문화,보석테마관광지,4,보석축제,(사)주얼리팰리스협의회,M03
F0644,익산서동축제,먹거리,금마서동공원,5,서동축제,익산문화재단,M03
F0645,천만송이 국화축제,꽃놀이,중앙체육공원,10,국화축제,익산시 농업기술센터,M03
F0646,2019 정읍벚꽃축제,꽃놀이,정읍천변 일원,3,개막식|프로그램|부대행사,정읍시,M04
F0647,내장산캠핑대회,캠핑,내장산문화광장,5,음악회(개막식)|캠핑카 및 용품전시| 체험 등,정읍시,M04
F0648,제14회 정읍 구절초꽃축제,꽃놀이,정읍 구절초 테마공원,10,구절초 꽃길산책| 꽃밭음악회 등,정읍시구절초축제추진위원회,M04
F0649,제14회 정읍 평생학습축제 및 제6회 주민자치 프로그램 발표회,교육,정읍 연지아트홀,10,개막식| 무대발표회| 시민특강| 홍보체험부스| 이벤트 등,정읍시,M04
F0650,제30회 정읍사문화제,문화,정읍사문화공원 일원,9,기념행사| 공연행사| 부대행사| 체험행사 등,(사)정읍사문화제 제전위원회,M04
F0651,제52회 황토현동학농민혁명기념제,역사,황토현 전적지 일원,5,기념식| 공식제례| 청소년 축전| 연계행사| 체험행사 등,(사)동학농민혁명계승사업회,M04
F0652,제24회 봉화산 철쭉제,꽃놀이,남원시 아영면 봉화산 주차장,5,산신제|기념식|철쭉 백일장| 봉화산트레킹등,흥부골아영애발전협의회,M05
F0653,제25회 지리산 바래봉 철쭉제,꽃놀이,지리산허브밸리 일원,5,철쭉제례|농악터울림| 기념식|철쭉트레킹|노래자랑등,운봉애향회,M05
F0654,제31회 지리산 뱀사골 고로쇠 약수제,먹거리,지리산뱀사골 반선관광주차장,3,약수제 길놀이|약수 제례| 노래자랑|고로쇠 관련이벤트| 천년송 힐링 걷기 대회등 3월첫째주 1일간,산내발전협의회,M05
F0655,제89회 춘향제,역사,광한루원 일원,5,춘향국악대전| 춘향선발대회| 세기의사랑 대표적 예술공연| 지금은 춘향시대| 신판 춘향 길놀이| 이판사판춤판 등 음력4월8일 전후4일간 열림,춘향제전위원회,M05
F0656,지리산 바래봉 눈꽃축제,겨울,지리산허브밸리 일원,12,눈 썰매|얼음 썰매|빙벽 체험장| 바래봉 눈꽃등반대회|눈싸움대회| 허브체험외 각종체험등,운봉애향회,M05
F0657,지리산 뱀사골 단풍제,먹거리,지리산 북부 사무소 앞,10,개막식|천년송소원빌기| 뱀사골와운단풍길트레킹| 각종체험|농특산품판매장운영등 10월중 하루 열림,산내면발전협의회,M05
F0658,흥부제,역사,사랑의광장 일원,10,고유제|축하공연|문화나눔장터| 흥부놀부그림그리기대회| 흥부체험마당|창극흥부와놀부 등 매년 음력 9월9일 전후 (3일간),흥부제전위원회,M05
F0659,완주 프러포즈축제,문화,모악산 전북도립미술관 일원,5,모악산가 경각산의 사랑이야기| 아름다운 결혼| 사랑고백 축제,완주군,M07
F0660,완주와일드푸드축제,먹거리,고산자연휴양림일원,9,완주의 자연·생태문화가 지닌 야생성과 안전한 먹거리 로컬푸드를 접목시킨 지역 대표축제,와일드푸드축제추진위원회,M07
F0661,2019 진안고원 꽃잔디축제,꽃놀이,꽃잔디동산 및 원영장마을,4,꽃잔디 판매 외,전라북도 진안군,M08
F0662,2019 진안홍삼축제,먹거리,마이산 북부일원,10,홍삼판매 및 문화공연,진안홍삼축제추진위원회,M08
F0663,제11회 진안고원 수박축제,먹거리,동향면 체련공원 일원,7,수박판매외,진안고원수박축제추진위원회,M08
F0664,제15회 진안고원 운장산고로쇠축제,먹거리,주천면 운일암반일암 삼거광장,3,고로쇠 판매외,진안고원운장산고로쇠축제추진위원회,M08
F0665,반딧불축제,자연,예체문화관,8,반딧불이 신비탐사| 낙화놀이 반딧불이를 테마로 한 공연| 전시| 체험 프로그램 등,사)무주반딧불축제제전위원회,M09
F0666,장수 한우랑 사과랑 축제,먹거리,전라북도 장수군 의암공원 일원,9,체험|공연|판매 등 64개프로그램,사)장수한우랑사과랑축제추진위원회,M10
F0667,사선문화제,역사,관촌사선대,9,사선녀선발전국대회| 호남좌도농악전국대회| 축하방송 등,사선문화제전위원회,M11
F0668,산타축제,문화,임실치즈테마파크,12,산타플래시몹 퍼레이드| 19명의 산타를 찾아라| 산타경연대회 등,(재)임실치즈테마파크,M11
F0669,섬진강다슬기축제,먹거리,섬진강생활체육공원,7,맨손 물고기잡기 대회| 다슬기 까기 대회| 다슬기 잡기 대회| 민속경기 등,섬진강다슬기축제위원회,M11
F0670,옥정호 꽃걸음 빛바람 축제,꽃놀이,운암면 요산공원,4,노래자랑| 문화예술공연| 각설이 품바공연| 초청가수 공연| 청소년 가요댄스 경연대회 등,운암면 지역발전협의회,M11
F0671,의견문화제,역사,오수의견공원,5,반려동물과 함께하는 열린음악회| 개판콘서트| 반려견 콘테스트| 키즈 페스티벌 등,의견문화제전위원회,M11
F0672,임실N치즈축제,먹거리,"임실치즈테마파크, 임실치즈마을",10,국가대표 왕치즈피자 만들기| 우유드림 행복드림 퍼레이드| 임실N치즈페어| 치즈경매 등,임실N치즈축제 제전위원회,M11
F0673,필봉마을굿축제,문화,필봉문화촌,8,국가무형문화재 초청공연| 전국농악경연대회| 국제교류 문화공연 등,임실필봉농악보존회,M11
F0674,순창장류축제,문화,순창전통고추장민속마을 일원,10,문화공연| 장류체험| 전시|판매| 주민참여 프로그램 등,순창군,M12
F0675,2019 대한민국 온천대축제,온천,석정온천관광지 일원,10,온천수 칵테일쇼 및 시음행사| 달빛버스킹| 온천3종경기| 리마인드 프러포즈 등,행정안전부,M13
F0676,고창갯벌축제,머드,"만돌갯벌체험장, 하전갯벌체험장",6,개막행사|갯벌체험|동죽시식회|동죽음식문화체험|갯벌체험|장어숭어잡기|갯벌카페|부대행사 등,고창갯벌축제위원회,M13
F0677,고창모양성제,제,모양성 일원,10,거리퍼레이드| 답성놀이| 강강술래 등,(사)모양성보존회,M13
F0678,고창복분자와수박축제,먹거리,선운산도립공원,6,기념식|복분자 수박관련 체험| 농특산품판매 등,고창복분자와수박축제위원회,M13
F0679,고창청보리밭축제,먹거리,고창군 공음면 학원농장 일원,4,청보리밭사잇길걷기| 주말문화행사| 상설전시 및 연계행사 등,고창청보리밭축제위윈회,M13
F0680,고창해풍고추축제,문화,해리복지회관일원,8,기념식| 고추품평회| 공연| 전시판매| 고추관련체험 등,고창해풍고추축제위원회,M13
F0681,동학농민혁명 무장기포기념제,역사,동학농민혁명 무장기포지,4,출정식| 진격로 걷기| 비기탈취 및 무혈입성재연| 기념식 등,동학농민혁명무장기포기념제,M13
F0682,무장읍성축제,역사,무장읍성 일원,5,고유제(진무제)| 현감부임 행사| 떡메치기 등,(사)고창무장읍성보존회,M13
F0683,개암동벚꽃축제,꽃놀이,부안군 상서면 개암동 벚꽃길,4,개막식| 야외음악회| 먹거리 장터| 농산물 판매| 체험프로그램,상서개암동벚꽃축제추진위원회,M14
F0684,곰소젓갈발효축제,먹거리,곰소다용도부지 일원,9,개막식| 폐막식| 축하공연| 노래자랑| 체험| 관광객 참여 이벤트 등,곰소젓갈발효축제추진위원회,M14
F0685,부안마실축제,문화,부안읍 일원(주행사장: 매창공원),5,개막공연등 5종 46개 프로그램 운영,부안마실축제제전위원회,M14
F0686,목포 유달산 봄 축제,봄,유달산 및 원도심 일원,4,유달산 둘레길 및 근대역사거리 투어| 4.8만세운동 재현 퍼포먼스 | 음악 공연 및 시민 체험 프로그램,전라남도 목포시,N01
F0687,거문도백도은빛바다체험행사,바당,삼산면 거문도 일원,8,길놀이+은빛가요제+맨손활어잡기+지인망끌기체험,거문도백도은빛바다축제추진위원회,N02
F0688,여수거북선축제,역사,이순신광장 및 선소일원,5,통제영길놀이+개막행사+각종체험공연행사,여수거북선축제보존회 축제위원회,N02
F0689,여수동동북축제,역사,용기공원 및 선소일원,11,북퍼레이드+아티스트공연+북전시및체험행사+경연대회,2018여수동동북축제추진위원회,N02
F0690,여수마칭페스티벌,문화,이순신광장,10,거리퍼레이드+마칭쇼+관악체험프로그램,여수마칭페스티벌추진위원회,N02
F0691,여수밤바다 불꽃축제,바다,이순신 광장 및 장군도 앞 해상,9,공연행사+불꽃쇼+불꽃사진콘테스트,여수밤바다불꽃축제추진위원회,N02
F0692,여수여자만갯벌노을체험행사,머드,소라면 해넘이길 일원(사곡),10,대나무망둥어낚시+개매기+바지락캐기+맨손고기잡이+가족사랑걷기체험+노을가요제,여수여자만갯벌노을체험행사추진위원회,N02
F0693,여수영취산진달래체험행사,꽃놀이,영취산일원 돌고개,3,산신제+진달래백일장+사생대회+체험행사,여수영취산진달래축제추진위원회,N02
F0694,여수향일암일출기원한마당,해돋이,돌산읍 임포마을 일원,12,재야의종타종식+일출기원제례+소망행사,여수향일암일출기원한마당 추진위원회,N02
F0695,청년거리문화축제,문화,여수시 일원,3,거리공연| 프리마켓 등,공모사업 선정,N02
F0696,2019 순천 푸드앤아트 페스티벌,먹거리,순천시 중앙로 일원,9,순천대표음식 홍보 및 개발음식 판매| 거리극 공연| 전시체험| 주무대 공연 등,순천시 관광과,N03
F0697,제15회 영산포 홍어축제,먹거리,영산강 둔치 체육공원,4,나주 특산품인 홍어를 활용한 지역경제 축제,영산포홍어축제추진위원회,N04
F0698,제1회 천년나주목읍성문화축제,문화,금성관 및 나주향교 일원,5,나주의 읍성문화를 이용한 역사 문화 축제,천년나주목읍성문화축제추진위원회,N04
F0699,제5회 나주마한문화축제,문화,국립나주박물관 일원,10,2천년 마한문화를 재조명하는 역사 문화 축제,나주마한문화축제추진위원회,N04
F0700,광양매화축제,꽃놀이,다압면 섬진마을 일원,3,공연|경연|체험|전시|판매|부대행사,광양매화축제추진위원회,N05
F0701,광양숯불구이축제,먹거리,광양읍 서천변 일원,10,공연|경연|체험|전시|판매|부대행사,광양숯불구이축제추진위원회,N05
F0702,광양전어축제,먹거리,진월면 망덕포구 일원,9,공연|경연|체험|전시|판매|부대행사,광양전어축제추진위원회,N05
F0703,백운산국사봉철쭉축제,꽃놀이,옥곡면 국사봉랜드,4,공연|경연|체험|전시|판매|부대행사,백운산국사봉철쭉축제추진위원회,N05
F0704,가로수사랑음악회,문화,가로수사랑군민연대,11,지역출신가수공연| 특집라디오공개방송 등,담양가로수사랑군민연대,N06
F0705,고서포도축제,먹거리,고서면 증암천변 일원,7,특산품 홍보 및 판매,고서포도축제추진위원회,N06
F0706,담양대나무축제,자연,죽녹원 및 관방제림 일원,5,대나무 관련 전시| 체험| 공연| 판매 등,(사)담양대나무축제위원회,N06
F0707,담양산타축제,문화,담양 원도심 및 메타프로방스 일원,12,크리스마스거리조성| 크리스마스마켓 운영 등,담양산타축제추진위원회,N06
F0708,창평전통음식문화축제,먹거리,창평슬로시티 일원,10,슬로푸드전시| 체험| 판매 등,창평면주민자치위원회,N06
F0709,추월산벚꽃축제,꽃놀이,용면 추월산광장 일원,4,벚꽃노래자랑| 특산품판매 등,용면청년회,N06
F0710,곡성세계장미축제,꽃놀이,곡성섬진강기차마을,5,장미공원관람| 문화행사,전라남도 곡성군,N07
F0711,곡성심청축제,문화,곡성섬진강기차마을,10,효녀 심청 관련 효 체험행사,전라남도 곡성군,N07
F0712,고흥 우주항공 축제,기술,"나로우주센터, 국립청소년우주센터 일원",5,발사현장견학| 야외 우주과학체험,고흥축제추진위원회,N09
F0713,벌교꼬막축제,먹거리,벌교읍천변,11,꼬막체험| 갯벌체험 등,벌교꼬막축제추진위원회,N10
F0714,보성다향대축제,문화,한국차문화공원,5,차문화행사,보성다향대축제추진위원회,N10
F0715,보성벚꽃축제,꽃놀이,보성백민미술관광장,4,관광객체험행사|벚꽃체험 등,보성벚꽃축제추진위원회,N10
F0716,보성전어축제,먹거리,율포솔밭해수욕장,8,전어잡기|체험 등,보성전어축제추진위원회,N10
F0717,보성차밭 빛축제,먹거리,한국차문화공원,12,빛 경관조명| 체험행사,보성군,N10
F0718,서편제보성소리축제,문화,보성읍내 일원,5,판소리 |고수 경연대회,보성문화원,N10
F0719,백아산 철쭉제,꽃놀이,백아면 백아산 일원,5,위령제| 노래자랑| 백일장 등,백아면 청년회,N11
F0720,화순 국화향연,꽃놀이,화순읍 남산공원,10,공식| 전시| 공연| 체험| 농특산물 판매| 국화 전시행사,화순군,N11
F0721,화순 동구리 호수공원 봄축제,봄,동구리 호수공원,4,개막식| 축하공연| 노래자랑| 체험행사 등,화순읍 청년연합회,N11
F0722,화순고인돌문화축제,역사,고인돌유적지 일원 (도곡면 효산리),4,고인돌이야기 재현| 고인돌마을 솟대 세우기| 고인돌 사진 전시| 유물 만들기| 비석치기| 농특산물 홍보관 등,화순고인돌축제추진위원회,N11
F0723,화순운주문화축제,술,도암면 운주사 일원,5,의식| 전시| 경연| 공연| 체험| 농특산물 및 음식판매,화순운주문화축제추진위원회,N11
F0724,화순적벽 문화축제,문화,"이서 커뮤니티센터, 화순 적벽 망향정 일원",10,기념식| 체험| 사진 전시| 지역농산물 판매 등,이서면 번영회,N11
F0725,화학산 철쭉제,꽃놀이,청풍면 화학산 일원,4,산신제| 식전 공연| 기념식| 축하 공연| 체험 및 부대행사,청풍면 청년회,N11
F0726,남도음식문화큰잔치,먹거리,강진만 생태공원,10,남도음식피크닉홀+남도장터+경연대회 등,(재)남도음식문화큰잔치,N13
F0727,제16회 영랑문학제,예술,영랑생가 일원,4,영랑생가와 주변 경관을 무대로 영랑시인의 시 세계를 조명하고 인문학적 감성축제 개발로 관광객과 함께하는 축제,(사)영랑기념사업회,N13
F0728,제18회 전라병영성 축제,역사,전라병영성 일원,4,2019년 올해의 관광도시 방문 관광객과 군민이 함께 즐기며 대한민국 호국정신 성지로 이어가는 역사교육 도시로의 재탄생 도약 축제,강진군향토축제추진위원회,N13
F0729,제25회 남도음식문화큰잔치,먹거리,강진만 생태공원 일원,10,남도음식의 보존·발전과 산업화| 세계화를 위한 체험과 참여가 어우러진 대표음식 브랜드 발굴육성 축제,(재)남도음식문화큰잔치,N13
F0730,제3회 강진만 춤추는 갈대축제,자연,강진만 생태공원 일원,10,가을의 정취와 추억을 체험하는 ''''남도답사 1번지'''' 이미지 창출과 갈대·음악·자연을 대표하는 명품 축제,강진군 향토축제추진위원회,N13
F0731,제46회 강진청자축제,예술,청자촌 일원,10,가을축제에 따른 다이내믹하고 흥이 넘치는 청자촌 분위기 조성과 향우와 구민이 함께 어우러지는 문화체육관광부 선정 우수축제,강진군향토축제추진위원회,N13
F0732,달마고도 걷기축제,운동,미황사일원,3,달마고도순례길걷기| 무대행사| 체험등,전라남도 해남군,N14
F0733,땅끝 해넘이·해맞이 축제,해돋이,땅끝마을일원,12,해넘이제례| 인정나누기| 달집태우기| 해맞이 등,해맞이축제추진위원회,N14
F0734,땅끝매화축제,꽃놀이,보해매실농원,3,매화향기(공연)| 매화포토존| 체험 등,땅끝매화축체추진위원회,N14
F0735,땅끝수국축제,꽃놀이,포레스트수목원,6,100여희귀품종| 수국사진공모전 등,포레스트수목원,N14
F0736,북평용줄다리기 축제,문화,북평힐링공원,10,줄고사| 용줄다리기| 달집태우기 등,북평용줄다리기보존회,N14
F0737,송호해변여름축제,바다,송호해수욕장,7,여름음악회| 불꽃축제| 체험행사 등,㈜파라,N14
F0738,연호보리축제,먹거리,냔냔이농원,4,보리밭체험| 문화탐방| 참여마당| 놀이마당| 나만의 인생샷 포토존| 무대공연| 솟대만들기,연호마을축제위원회,N14
F0739,오시아노 樂 페스티벌,문화,해남오시아노캠핑장,8,놀이마당| 문화마당|체험| 캠핑존 등,㈜파라,N14
F0740,흑석산 철쭉제,꽃놀이,가학산자연휴양림,4,산신제| 어린이체험| 산행| 농산물홍보 등,흑석산철쭉제추진위원회,N14
F0741,2019 무안황토갯벌축제,머드,무안황토갯벌랜드 일원,6,풍요깃발퍼레이드| 농게·낙지·운저리잡기 체험 등,무안군,N16
F0742,제23회 무안연꽃축제,꽃놀이,회산백련지 일원,7,아이스존| 연자방 소방등 달기| 연꽃 팥빙수 나눔잔치| 연잎들고 연꽃길 걷기| 연 공예체험 등,무안군,N16
F0743,2019 대한민국 국향대전,문화,함평엑스포공원,10,차별화된 국화작품 기획·연출로 관광객의 다양한 볼거리 제공,함평군축제추진위원회,N17
F0744,기찬월출산국화축제,꽃놀이,기찬랜드 일원,10,다양한 국화와 기찬랜드 경관을 활용한 전시 및 체험행사,영암군,N18
F0745,법성포단오제,역사,법성포,6,문화축제,(사)법성포단오제 보존회,N18
F0746,불갑산상사화축제,문화,불갑면,9,문화축제,영광 불갑산상사화축제 추진위원회,N18
F0747,영암왕인문화축제,문화,왕인박사유적지 일원,4,왕인박사 업적 조명| 문화체험 및 놀이행사,영암군향토축제추진위원회,N18
F0748,영암호해맞이축제,해돋이,삼호읍 호텔현대,1,영암호에 떠오르는 새해 첫 일출을 감상하는 해맞이 행사,영암문화원,N18
F0749,장보고수산물축제,먹거리,"해변공원, 장보고기념관 일원",5,전통노젓기| 해조류김밥만들기| 열린무대 등,완도장보고수산물축제 추진위원회,N20
F0750,청산도슬로우걷기축제,운동,청산도일원,4,나비야청산가자| 명사와 함께걷기힐링토크 등,청산도슬로우걷기축제추진위원회,N20
F0751,청정완도 가을빛 여행,가을,완도해변 공원 일원,10,청정완도 가을빛 낭만 여행,청정완도 가을빛 여행 추진위원회,N20
F0752,명량대첩축제,역사,진도 녹진관광지+해남 우수영관광지,9,해전재현+출정식+평화의 민가행진+진도북놀이퍼레이드+학술심포지엄 등,(재)명량대첩기념사업회,N21
F0753,2019 신안 섬 갯벌 축제,머드,증도면 일원,8,개막행사 : 방송축하쇼| 해상불꽃쇼문화행사 : 케이팝EDM페스타| 갯벌콘서트| 바다음악회체험행사 : 바다|갯벌스포츠 체험/키즈 워터파크 갯벌 놀이터| 호핑투어| 갯벌원정대스포츠행사 : 전국 카누대회| 전국패들보드대회| 전국 마라톤(달리기)대회| 갯벌 스포츠 종목,신안군,N22
F0754,간재미 축제,먹거리,비금/도초,4,간재미 비빔밥 만들기| 간재미 요리대회| 시식회| 간재미 껍질벗기기| 간재미 예쁘게 썰기 대회 등,축제조직위,N22
F0755,불볼락 축제,먹거리,홍도,9,불볼락 낚시대회| 불볼락 깜짝경매| 어민 자정선언문 낭독,축제조직위,N22
F0756,섬 깡다리 축제,문화,임자도,6,시식회| 활어잡기| 토굴체험 등,축제조직위,N22
F0757,수선화축제,꽃놀이,지도읍 선도,3,체험프로그램| 자전거타기 등,축제조직위,N22
F0758,신안튤립축제,꽃놀이,신안튤립공원(임자도대광해변일원),4,예술공연| 사진촬영대회| 섬등산대회| 각종 체험행사,신안튤립축제추진위원회,N22
F0759,임자도 민어 축제,먹거리,임자도,8,개매기|후리질 체험| 해변모래조각| 찜질 바닷속 보물찾기| 민어요리 전시와 시식회| 민어 깜짝 경매| 민어 장사 씨름대회 등,축제조직위,N22
F0760,흑산도홍어축제,먹거리,흑산도,5,홍어 시식회| 홍어요리 전시관| 풍어제| 위판행사| 가요 열창| 흑산홍어 어구 정리 체험| 홍어 O| X 퀴즈 등,축제조직위,N22
F0761,포항 연날리기 한마당,역사,형산강고수부지 일원,10,꼬리연 높이 날리기 대회| 체험행사| 사생대회 등,포항CBS,O01
F0762,포항국제불빛축제,문화,형산강 체육공원 일원,5,국제불꽃쇼| 버스킹 페스티벌| 불빛퍼레이드| 주제공연 등,포항문화재단,O01
F0763,포항시 대학연합축제(POP),문화,중앙상가실개천거리 특설무대,10,대학동아리 공연| 길거리 공연,포항대학연합,O01
F0764,포항운하축제,문화,포항운하 일원,9,이색창작배 경연대회| 방티타고 달리기| 이색레포츠 시연,포항MBC,O01
F0765,포항해병대문화축제,문화,"오천읍 냉천수변공원, 도구해안",4,해병대상륙작전| 블랙이글스 에어쇼| 부대방문 등,포항시,O01
F0766,호미곶한민족해맞이축전,해돋이,호미곶 해맞이광장 일원,12,해맞이(일출)| 자정행사| 특별행사| 1만명 떡국나둠 등,포항문화재단,O01
F0767,2019 경주한우와 농축수산물 한마당축제,먹거리,황성공원 공설운동장 일원,10,가래떡 최장 만들기 도전| 지역농특산물 판매 등,(사)한국농업경영인경주시연합회,O02
F0768,경주세계차문화축제,먹거리,"월정교, 보문일원",9,국내외 차시음 및 다도문화 체험 등,경주세계차문화축제조직위원회,O02
F0769,제47회 신라문화제,역사,"경주 황성공원 일대, 시가지 일원",10,화랑원화 선발대회| 소망 돌탑 쌓기대회| 마상무예공연 등,(사)한국예총 경주지회,O02
F0770,김천국제가족연극제,가족,김천문화예술회관,7,연극공연 및 연기콘테스트 등,김천국제가족연극제추진위원회 영남일보,O03
F0771,김천예술제,예술,김천시 일원,10,시민촬영대회 시민가요제 청소년가요제 동화구연대회 등,한국예총 김천지회,O03
F0772,김천자두포도축제,먹거리,김천시종합스포츠타운 및 체험농장,7,자두포도 품평회 자두포도 수확체험 각종 문화예술공연 등,김천시자두포도축제추진위원회,O03
F0773,정월대보름달맞이축제,보름달맞이,직지천 고수부지,2,달집태우기 줄다리기 등,김천문화원,O03
F0774,안동국제탈춤축제,예술,"안동탈춤공원, 하회마을",9,탈춤공연| 경연| 대동난장 등,안동축제관광재단,O04
F0775,안동민속축제,역사,탈춤공원,9,차전놀이| 놋다리밟기| 저전농요 등,안동문화원,O04
F0776,안동봄꽃축제,꽃놀이,안동 낙동강변 벚꽃거리,4,야간조명| 봄꽃포토존| 빛터널 등,안동축제관광재단,O04
F0777,암산얼음축제,자연,암산유원지 일원,1,얼음체험활동| 공연단 운영| 얼음조각 전시 등,안동축제관광재단,O04
F0778,3.1운동 애국지사 최재화 목사 추모행사,제,산양리 마을회관,3,기념식 및 추모행사,산양리 3.1 동지회,O05
F0779,김수환추기경 사랑과 나눔 문화축전,나눔,삼국유사교육문화회관,6,김수환추기경 뮤지컬공연,매일신문사,O05
F0780,도리사 해맞이 행사,해돋이,구미시 해평면 도리사,1,새벽예불| 해맞이 및 소원성취기원| 새해법회| 떡국 공양,구미시 해평면 도리사,O05
F0781,부처님 오신날 맞이 도리사 연등 축제,종교,구미시 해평면 도리사,5,점등식| 봉축 법요식| 도리사 사진전,대한불교 조계종 도리사,O05
F0782,부처님 오신날 맞이 보천사 연등 축제,종교,구미시 해평면 보천사,5,점등식| 봉축 법요식| 만발공양 등,대한불교 조계종 보천사,O05
F0783,선산 비봉 민속축제,역사,선산고등학교,5,사진전| 사생대회| 체육대회 등,선산읍 체육회,O05
F0784,제11회 구미시민 녹색자전거 대행진,운동,"동락공원, 낙동강체육공원 중 선정",9,자전거 안전하게 타기 퍼포먼스| 녹색홍보단 퍼레이드(단체라이딩)| 축하공연 각종 체험/홍보부스 운영,보조사업 공고 후 선정[2018년 (주)영남일보 주관],O05
F0785,제28회 선주원남 벚꽃축제,꽃놀이,구미 금오산 대주차장 일원,4,전야제 의식행사| 인기가수 공연| 체험부스 등,선주원남동남여새마을지도자협의회,O05
F0786,영천문화예술제,문화,영천강변공원 등 영천시 일원,9,영천아리랑 별곡| 생활문화콘서트| 마상재| 조선통신사 행렬| 신 전별연,영천문화예술제 추진위원회,O07
F0787,영천보현산별빛축제,자연,보현산천문과학관 일원,6,주제관 운영| 천문우주과학테마 체험부스 운영| 스타파티| 누워서 별보기| 문화공연 등,영천보현산별빛축제위원회,O07
F0788,영천한약축제,먹거리,영천한의마을,9,한방명의관| 전시체험 부스운영| 한방공연 등,영천한약축제추진위원회,O07
F0789,정월대보름행사,보름달맞이,영천강변공원 등 영천시 일원,2,정월대보름에 전통문화공연및 체험| 달집태우기| 떡국나눠먹기| 국악공연 등,영천시청년연합회,O07
F0790,문경사과축제,먹거리,문경새재도립공원일원,10,문경사과 홍보,문경사과축제추진위원회,O09
F0791,문경약돌한우축제,먹거리,문경새재도립공원일원,11,문경약돌한우 홍보,문경약돌한우축제추진위원회,O09
F0792,문경오미자축제,먹거리,문경동로초등학교일원,9,문경오미자 홍보,문경오미자축제추진위원회,O09
F0793,문경찻사발축제,먹거리,문경새재 오픈세트장,4,대한민국 도예명장전 등 전시행사| 왕의 찻자리 등 체험행사| 사기장의 하루| 차담이 어드벤처 등 특별행사,문경찻사발축제추진위원회,O09
F0794,경산갓바위소원성취축제,자연,갓바위공영주차장,8,다례봉행| 음악회 및 각종부대행사,경산갓바위축제추진위원회,O10
F0795,경산자인단오제,역사,경산시 자인면 계정숲,6,무형문화재 공연 및 각종 체험부대행사,경산자인단오제보존회,O10
F0796,청송사과축제,먹거리,청송읍 용전천 변,10,공연/경연/체험/전시/판매,청송군축제추진위원회,O13
F0797,2019 영양고추 H.O.T Festival,먹거리,서울광장,8,판매| 체험| 공연| 부대행사,영양군,O14
F0798,제15회 영양산나물축제,먹거리,영양군청 일원,5,판매| 체험| 공연| 부대행사,(재)영양축제관광재단,O14
F0799,영덕대게축제,먹거리,경상북도 영덕군 강구항 일원,3,영덕대게 홍보 및 체험축제,영덕대게축제추진위원회,O15
F0800,영덕물가자미축제,먹거리,축산항 일원,5,물가자미 홍보 및 체험 축제,경상북도 영덕군청,O15
F0801,영덕황금은어축제,먹거리,오십천 둔치 일원,7,황금은어 홍보 및 체험 축제,경상북도 영덕군청,O15
F0802,해맞이축제,해돋이,영덕삼사해상공원,12,경북대종타종식 및 영덕해맞이축제,영덕군관광진흥협의회,O15
F0803,2019청도반시축제,문화,청도야외공연장,10,청도반시전시판매행사 및 공연,청도군,O16
F0804,2019청도세계코미디아트페스티벌,예술,청도야외공연장,10,코미디를 테마로 한 공연| 전시| 체험 등,청도군,O16
F0805,2019청도소싸움축제,문화,청도소싸움경기장,5,전통소싸움대회 및 공연행사,청도군,O16
F0806,제13회 청도유등제,역사,청도천둔치,5,유등 점등 및 무대|체험|전시 행사 등,청도군,O16
F0807,2016 대가야체험축제,역사,"대가야박물관, 대가야역사테마관광지, 대가야문화누리, 관내 일원",4,36개 체험프로그램| 이조년 전국백일장 등 연계행사| 대가야박물관 기획특별전 등 부대행사| 역사재현극 등,사)대가야체험축제추진위원회,O17
F0808,성주생명문화축제 성주참외페스티벌,먹거리,성주군 성주읍 성밖숲 일원,5,생명선포식| 개막식(주제 공연| 축하 가수 공연)| 참외가요제| MBC태교음악회| 경상북도드림페스티벌| 태봉안행차재현 등,성주군 축제추진위원회,O18
F0809,제3회 낙동강세계평화 문화대축전,문화,칠곡보 생태공원,10,6.25전쟁 마지막 보루였던 낙동강 칠곡지역에서 지구촌과 한반도의 평화 정착을 염원하는 축제 - 공연| 전시| 체험| 참여행사 및 부대행사,낙동강세계평화문화대축전 추진위원회,O19
F0810,제4회 낙동강세계평화 문화대축전,역사,칠곡보 생태공원,9,6.25전쟁 마지막 보루였던 낙동강 칠곡지역에서 지구촌과 한반도의 평화 정착을 염원하는 축제공연| 전시|체험| 참여행사 및 부대행사,낙동강세계평화문화대축전 추진위원회,O19
F0811,제4회 칠곡 세계 인형음악극 축제,문화,칠곡군 교육문화회관,8,국내외 인형극단 공연,대구예술대학교,O19
F0812,제5회 낙동강세계평화 문화대축전,문화,칠곡군 생태공원,9,6.25전쟁 마지막 보루였던 낙동강 칠곡지역에서 지구촌과 한반도의 평화 정착을 염원하는 축제 - 공연| 전시| 체험| 참여행사 및 부대행사,경상북도 칠곡군,O19
F0813,제6회 낙동강세계평화 문화대축전,문화,칠곡군 생태공원,10,6.25전쟁 마지막 보루였던 낙동강 칠곡지역에서 지구촌과 한반도의 평화 정착을 염원하는 축제 - 공연| 전시| 체험| 참여행사 및 부대행사,낙동강세계평화문화대축전 추진위원회,O19
F0814,제6회 칠곡 세계 인형음악극 축제,문화,칠곡군 교육문화회관,8,국내외 인형극단 공연,칠곡군,O19
F0815,제7회 낙동강세계평화문화 대축전,문화,칠곡보생태공원,10,개폐막식| 공연|전시|체험 등,경상북도 칠곡군,O19
F0816,제7회 칠곡 세계 인형음악극 축제,문화,칠곡군 교육문화회관,8,국내외 인형극단 공연,칠곡문화원,O19
F0817,제8회 세계인형음악극축제,문화,칠곡군 교육문화회관 등,8,공연| 부대체험행사,경상북도 칠곡군,O19
F0818,2020 예천세계곤충엑스포,엑스포,예천공설운동장 및 곤충생태원 일원,5,곤충주제관| 생명산업대전관| 곤충놀이관 등,예천세계곤충엑스포추진위원회,O20
F0819,봉화송이축제,먹거리,봉화읍 내성천 일원,10,송이채취체험,(사)봉화군축제위원회,O21
F0820,봉화은어축제,먹거리,봉화읍 내성천 일원,7,은어잡이체험,(사)봉화군축제위원회,O21
F0821,성류문화제,문화,울진엑스포공원,10,전통문화체험,울진문화원,O22
F0822,울진금강송송이축제와 친환경농산물축제,먹거리,울진엑스포공원,10,울진금강송송이와 친환경농산물 전시| 체험행사 등,울진군축제발전위원회,O22
F0823,울진대게와 붉은대게 축제,먹거리,울진엑스포공원,2,대게 관련 공연| 전시| 체험행사 등,울진군축제발전위원회,O22
F0824,제10회의성봉양자두홍보및체험행사,체험,봉양종합체육공원,7,봉양자두홍보,자두체험행사추진위원회,O22
F0825,제1회의성슈퍼푸드마늘축제,먹거리,"의성마늘테마파크, 의성전통시장,군청앞 중앙로",10,마늘축제,의성슈퍼푸드마늘축제추진위원회,O22
F0826,제8회의성세계연축제,체험,안계면 위천생태하천,5,연축제,의성세계연축제집행위원회,O22
F0827,제야타종식,종교,망양정 해맞이공원,12,제야타종식,(사)한국연예협회 울진군 지부,O22
F0828,달맞이축제,해돋이,울릉문화예술체험장,2,달집태우기| 풍물패공연| 소원소지 적기| 민속놀이 등,장흥달맞이놀이마당추진위원회,O23
F0829,오징어축제,먹거리,저동항(울릉군전역),8,오징어 맨손잡기| 수중 보물찾기| 바다 미꾸라지잡기| 해변몽돌쌓기| 오징어 요리경연 등,오징어축제추진위원회,O23
F0830,우산문화제,문화,도동항,9,개막축하행사전통민속놀이| 체험행사 등,울릉문화원,O23
F0831,울릉해변가요제,바다,저동항,8,군민가요제| 불꽃놀이,(사)울릉청년단,O23
F0832,개항제례,제,창원시립 마산음악관 야외,5,개항제례| 전시행사| 경연행사| 전시/체험행사,마산예총,P01
F0834,마산가고파국화축제,꽃놀이,마산어시장 장어거리 앞 및 창동?오동동 일원,10,국향대전|전시행사|경연행사 등,마산가고파국화축제위원회,P01
F0835,마산만날제,역사,만날공원,9,개막식| 당산제등,마산예총,P01
F0836,야철제,꽃놀이,성산패총,6,초혼제| 불씨봉송 및 점화| 제례등,창원시,P01
F0837,진해군악의장페스티벌,문화,진해공설운동장,4,개막행사| 주공연장 마칭공연| 프린지공연,(사)진해세계군악의장페스티벌추진위원회,P01
F0838,진해군항제,역사,중원로터리 및 진해구 일원,4,추모대제| 승전행사| 불꽃쇼| 문화예술행사,진해군항제축제위원회,P01
F0839,창원진동불꽃낙화축제,꽃놀이,창원진동면 광암항,4,축하공연| 개막식| 불꽃낙화 점화 등,창원서부수협,P01
F0840,개천예술제,꽃놀이,진주시 일원,10,성화 채화| 진다례 말차시연| 호국타종| 성화 봉송 및 안치| 제향| 진군명령 퍼포먼스| 개천합창제| 진주오광대 정기공연| 진주·삼천포 농악| 종야축제(뮤지컬 진주대첩)| 서제| 개제식| 가장행렬경진대회| 예술경연대회| 진주대첩승전재현행사| 종야축제| 예술문화축하행사| 체험행사| 각종 전시 등,개천예술제 제전위원회,P02
F0841,진주남강유등축제,문화,진주성 및 진주남강일원,10,개제식(초혼점등)| 소망등 달기| 추억의 유등띄우기| 창작등 전시| 진주성 둘레길등 전시| 한국의 등·세계풍물등 전시 자치단체 상징등 전시 등,진주남강유등축제제전위원회,P02
F0842,진주논개제,문화,진주성 일원,5,헌다례 및 신위순행| 의암별제| 논개 순국 재현극| 교방행렬| 진주교방의악가무| 사랑 실은 수레와 꿈꾸는 논개 이야기| 솟대쟁이 놀이| 교방문화 체험행사 등,진주논개제 제전위원회,P02
F0843,진주수상뮤직페스티벌,문화,망경동 남강둔치 일원,8,수상뮤직공연| 힐링 푸드존 등,KNN,P02
F0844,코리아드라마페스티벌,미디어,"경남문화예술회관, 장대동 남강둔치 일원",10,코리아드라마어워즈| KDF콘서트| 드라마영상국제포럼| 부대행사 등,(사)드라마페스티벌 조직위원회,P02
F0845,봉숫골 꽃나들이 축제,꽃놀이,용화사광장~용화 사거리,3,고유제| 길놀이| 꽃나들이 퍼포먼스| 아동사생대회 등,봉숫골벚꽃축제위원장,P03
F0846,사량도 옥녀봉 축제,문화,사량면 진촌물량장 일원,10,길놀이| 안전기원제| 어선퍼레이드| 개회식| 특별공연| 면민장기자랑| 경품추첨,사량면주민자치위원회,P03
F0847,욕지 섬 문화축제,문화,욕지면 동항(불곡)물량장 일원,10,욕지고구마축제| 고등어축제| 생활낚시체험 등,욕지개척기념사업위원회,P03
F0848,통영한산대첩축제,역사,"도남관광단지, 한산앞바다 등 통영시 일원",8,이순신장군 행렬 및 군점| 한산대첩 재현| 이순신 워터파크| 드론 라이트쇼,(재)한산대첩기념사업회,P03
F0849,한산도 바다체험축제,체험,한산면 추봉리 봉암마을,6,식전행사| 개막식| 맨손고기잡기| 바다보물찾기| 바지락캐기| 오션가약| 수상자전거| 대나무낚시체험| 후리그물고기잡이| 요트체험 등 각종 부대행사,한산면주민자치위원회,P03
F0850,와룡문화제,역사,사천시청 노을광장 일원,4,“사주천년”이라는 역사적 자긍심과 지역의 정통성을 상징하는“용(龍)과 왕(王) (고려현종)”이라는 주제로 지역의 정체성과 공동체 의식을 표현한 축제,(재)사천문화재단,P04
F0851,제12회 사천시농업한마당축제,문화,사천시청 노을광장 일원,10,개막행사| 전시행사| 시음시식행사| 체험행사| 부대행사| 축하공연,사천시농업한마당축제 추진위원회,P04
F0852,가야문화축제,문화,대성동 고분군 일원,4,공식| 민속| 축제| 체험| 설치| 부대| 연계행사,(사)가야문화축제제전위원회,P05
F0853,김해독서대전,문화,봉황대공원 일원,10,강현|체험|학술토론|북페어,김해시,P05
F0854,김해분청도자기축제,역사,진례면 분청도자관 일원,10,의식|전시|체험|공연|학술|대회|부대행사,(사)김해도예협회,P05
F0855,밀양아리랑대축제,예술,영남루 및 밀양강변 일원,5,문화예술축제,(재)밀양문화재단,P06
F0856,거제 대구수산물 축제,먹거리,외포항 일원,12,외포항 일원/ 볼거리/ 먹거리/ 즐길거리가 풍성 ''''''''속까지 확 풀어주는 거제대구/ 억수로 재미있는 외포바다체험'''''''',거제대구수산물축제추진위원회,P07
F0857,거제 섬꽃축제,꽃놀이,거제시 농업개발원,10,가을국화꽃 전시/ 국화작품전시/ 꽃동산 전시/ 첨단농업전시/ 국화전배전시 및 농특산물 홍보 판매 등 다양한 전시 및 행사,경상남도 거제시 농업개발과,P07
F0858,거제 옥포대첩 축제,역사,옥포대첩기념공원/ 옥포동 일원,6,옥포대첩축제로 명칭 변경| 임진왜란 첫 승전인 옥포대첩을 기념하는 행사로/ 기념식을 비롯하여 문화예술/ 민속/ 이벤트행사 등이 다양하게 진행되며 시민 참여마당 및 볼거리를 제공합니다.,옥포대첩기념제전위원회,P07
F0859,거제도 국제펭귄수영 축제,운동,덕포해수욕장,1,겨울의 깨끗하고 푸른 바다에 뛰어드는 젊음과 낭만. 그 속에서 피어나는 우정과 사랑/ 행복을 만드는 특별한 축제,거제도국제펭귄수영축제위원회,P07
F0860,거제맥주축제,술,장승포 수변공원,8,음악공연| 즉석 댄스 등 경연| 이벤트 및 각종 퍼포먼스,거제맥주축제추진위원회,P07
F0861,거제맹종대나무축제,자연,거제맹종죽테마파크,4,봄의 기운이 더욱 푸르러지는 4월. 하청면의 명소 거제맹종죽 테마파크 죽림포레스티벌로의 초대,거제맹종죽영농조합법인,P07
F0862,거제학동몽돌해변 불꽃축제,바다,학동흑진주몽돌해변,10,우수한 관광자원이 몽돌을 소재로 전국적으로 특색 있고/ 차별화된 축제를 통하여 우리 시의 인지도 향상 및 볼거리 등으로 체험형 문화관광 축제,경상남도 거제시 동부면,P07
F0863,남부면 수국축제,꽃놀이,매물도 여객선 주차장,6,남부면에서 20여년 동안 가꾸어 온 아름다운 수국꽃을 시민 및  관광객들에게 선물을 선사하다,경상남도 거제시 남부면,P07
F0864,대금산진달래축제,꽃놀이,대금산 중턱,4,대금산에 만개하는 진달래를 배경으로 펼쳐지는 축제,대금산진달래축제추진위원회,P07
F0865,바다로 세계로,교육,거제시 일원,8,스포츠와 함께하는 여름축제로 매년 7월말에서 8월초순 경에 개최되는 한려수도 해양축제 “바다로 세계로”는 천혜의 관광자원과 문화예술공연을 함께 즐길 수 있는 전국 최대규모의 해양축제.,㈜엠비씨경남,P07
F0866,블루거제페스티벌,문화,장승포 일원,7,우수 예술인 발굴과 지역 문화예술의 저변 확대를 위해 개최,거제문화예술회관,P07
F0867,산방산삼월삼짇날축제,자연,산방산 임도,4,따뜻한 봄기운이 감도는 삼월 삼짇날 산방산에서 열리는 축제,경상남도 거제시 둔덕면번영회,P07
F0868,송년불꽃축제,꽃놀이,장승포항 일원,12,송년불꽃축제는 한 해를 마무리하는 시점에서 관광객에게 볼거리를 제공하기 위한 연말연시 축제의 한마당. 축하공연과 더불어 화려하게 하늘을 수놓은 불꽃연출은 한 해를 보내는 아쉬움과 새해를 맞이하는 희망과 설레임으로 잊지못할 추억을 선사.,장승포동,P07
F0869,신년해맞이행사,해돋이,장승포 몽돌개,1,한 해의 무사안녕을 기원하고 새해 아침 첫 해돋이를 맞이하기 위한 축제,신년맞이행사 추진위원회,P07
F0870,양지암축제,문화,양지암공원,4,푸른바다를 두른 양지암과 조각품의 아름다움에 취하다,양지암축제추진위원회,P07
F0871,배내골고로쇠축제,문화,배내골홍보관,3,고로쇠약수기원제례|시음회| 문화공연 및 장기자랑,배내골주민위원회,P08
F0872,배내골사과축제,먹거리,양산배내골 홍보관,11,시식회|사과빨리먹기대회|노래자랑|풍물놀이,배내골주민위원회,P08
F0873,양산삽량문화축전,문화,양산천둔치일원,10,개막식|축하공연|참여프로그램 등,양산삽량문화축전추진위원회,P08
F0874,양산웅상회야제,문화,웅상체육공원,5,전국듀엣가요제|북페스티벌|웅상풍물한마당|양산시민씨름대회| 천성산철쭉제| 다문화축제| 전시체험| 웅상농청장원놀이 등,양산웅상회야제추진위원회,P08
F0875,원동매화축제,꽃놀이,"원동교 특설무대, 쌍포매실다목적광장",3,매화가족 참여마당| 매화향 음악회| 매실청정미나리 시식 및 판매| 체험행사,원동매화축제추진위원회,P08
F0876,원동청정미나리축제,먹거리,함포마을일원,3,청정 미나리 시식 및 판매,원동청정미나리연구회,P08
F0877,의령 가례 밭미나리 축제,먹거리,가례면 밭미나리 집하장,3,미나리 수확 체험| 미나리 시식,의령군,P09
F0878,제20회 한우산 철쭉제,꽃놀이,궁류면 벽계리 한우산 정상,4,철쭉제례| 문화행사,봉황청년회,P09
F0879,제47회의병제전,역사,의령읍 일원,4,기념식| 제4회이호섭가요제 등,(사)의병기념사업회,P09
F0880,2019합천 바캉스축제,문화,정양레포츠공원 일원,7,맨손은어잡기| 컬러레이스| 물의난장 등,합천군,P10
F0881,고스트파크,문화,합천영상테마파크 일원,7,호러어트랙션| 공연이벤트| 참여이벤트 등,SBS A&T,P10
F0882,무술년 삼칠민속줄다리기,문화,칠원읍사무소 사거리,3,민속줄다리기,삼칠민속줄다리기위원회,P10
F0883,제18회 합천벚꽃마라톤대회,운동,합천100리 벚꽃마라톤코스 일원,4,가족건강달리기,합천군 체육회,P10
F0884,제23회 황매산철쭉제,꽃놀이,가회면 황매산군립공원 일원,4,철쭉길탐방| 철쭉제례 등,황매산철쭉제전위원회,P10
F0885,제28회 함안낙화놀이,꽃놀이,무진정,5,전통문화 계승 발전,함안낙화놀이보존회,P10
F0886,제32회 함안아라문화제,문화,"함안공설운동장, 함주공원 일원",4,아라가야 역사문화 체험,함안군아라제위원회,P10
F0887,제35회 대야문화제,문화,합천읍일원,9,전시| 공연| 체육경기 등,대야문화제전위원회,P10
F0888,제58회 천령문화제,역사,상림공원일원,10,공연|경연|체험|전시,천령문화제위원회,P10
F0889,제33회 비사벌문화제,문화,창녕읍 일원,10,향토기양제| 비사벌문화행렬| 미술실기대회| 보부상존 운영| 각종 전시행사 등,비사벌문화제전회,P11
F0890,제3회 우포시조문학제,예술,우포시조문학관,9,시화전| 시조낭송| 전국 시조 사이버 공모| 학술세미나 등,우포시조문학관,P11
F0891,제58회 3·1민속문화제,역사,영산면 일원(주행사장:무형문화재 놀이마당),2,국가무형문화재 제25호 영산쇠머리대기 및 제26호 영산줄다리기 공개행사 등,동.서부 추진본부 및 각 주관부서,P11
F0892,당항포대첩축제,역사,당항포관광지,4,당항포대첩 재연| 공연등 다양한 문화행사,당항포대첩축제위원회,P12
F0893,가천다랭이마을해맞이행사,해돋이,다랭이마을,1,소원문 쓰기| 떡국나눔행사 등,가천마을회,P13
F0894,상주 정월대보름 달맞이 축제,해돋이,상주은모래비치 주차장,2,민속놀이| 기원제| 국악공연| 어울림한마당,상주면연합청년회,P13
F0895,상주해돋이&물메기축제,해돋이,상주은모래비치,12,물메기먹거리행사 및 해돋이 행사,상주면연합청년회,P13
F0896,산청 경호강 물 페스티벌,자연,산청 경호강 일원,7,물놀이| 전국청춘트롯가요제&클럽| 래프팅대회| 체험 전시행사 등,㈜서경방송,P15
F0897,산청황매산철쭉제,꽃놀이,황매산 일원,4,황매산철쭉제,산청황매산철쭉위원회,P15
F0898,생초국제조각공원 꽃잔디 축제,꽃놀이,산청군 생초국제조각공원 일원,4,개막식| 풍물패 길놀이| 행사장 축하공연| 연극공연| 음악공연| 꽃잔디 화분 만들기| 천아트 꽃그림 그리기| 시계 목각 만들기 체험 등,생초면체육회,P15
F0899,제11회 산청불교문화제전,종교,묵곡생태공원,9,혜민스님 토크쇼| 음악회| 불교문화체험 및 전시 등,산청불교사암연합회,P15
F0900,제13회 기산국악제전,예술,"기산국악당, 남사예담촌",9,박헌봉 국악상 시상| 국악한마당공연| 전국국악경연대회,기산국악제전위원회,P15
F0901,제13회 지리산산청곶감축제,먹거리,산청군 시천면산청곶감유통센터 일원,1,곶감 홍보 및 품평회곶감 홍보관 운영 및 판매전국연날리기 대회산청곶감노래자랑,지리산산청곶감축제위원회,P15
F0902,제19회 산청한방약초축제,먹거리,산청IC 입구 축제광장/동의보감촌,9,한방약초를 테마로한 공연| 전시| 체험프로그램 운영| 기타 특별행사 및 전시 등,산청한방약초축제위원회,P15
F0903,제43회 남명선비문화축제,문화,한국선비문화연구원,10,남명제례| 개막식| 공연| 경연| 전시| 체험행사등,남명선비문화축제집행위원회,P15
F0904,제46회 지리산평화제,문화,지리산 중산관광지,10,지리산 산신제| 평화상 시상,산청문화원,P15
F0905,거창크리스마스트리문화축제,문화,"거창군청 앞 로터리, 대동로터리 일대",12,갓 탤런트 선발대회| 버스킹 경연대회| 문화예술 공연 등,거창크리스마스트리문화축제위원회,P17
F0906,2019 jeju 이호테우축제,문화,이호테우해수욕장,8,전통떼배인''''''''테우''''''''와 ''''''''그물''''''''을 이용하여 멸치를 잡는 전통어로문화를 축제로 승화,이호테우축제위원회,Q01
F0907,2019 곶자왈 반딧불이 축제,반딧불이,청수리 곶자왈(웃뜨르 빛센타),6,별 흐르는 마을 청수리에서 개최되는 곶자왈 반딧불이 축제,청수축제위원회,Q01
F0908,2019 보목자리돔축제,먹거리,보목포구 일원,5,그림 같은 서귀포 앞바다에서 즐기는 별미 축제,보목어촌계 · 보목동청년회,Q01
F0909,2019 봄 시즌글라스 녹차 페스티벌 청초밭 제주,먹거리,청초밭,5,100만 평의 녹차밭에서 열리는 녹차 페스티벌,시즌글라스 코리아,Q01
F0910,2019 사려니숲 에코힐링 체험,힐링,사려니숲,5,사려니숲길 산림문화체험 프로그램,산림문화체험 사려니숲길위원회,Q01
F0911,2019 서귀포과학문화축전,기술,서귀포천문과학문화관,9,과학체험부스와 로켓시범발사. 과학퀴즈대회. 오르니톱터 날리기 등 다양한 체험의 장,서귀포시,Q01
F0912,2019 제주 메밀축제,먹거리,제주메일체험관,6,메밀 생산량 1위인 제주에서 펼쳐지는 메밀축제,제주메밀육성사업단,Q01
F0913,2019 제주 봄여행주간,꽃놀이,제주도 일원,4,제주에서 봄빛 담아가기. 제주에코파티,문화체육관광부,Q01
F0914,2019 제주들불축제,문화,새별오름 일대,3,제주들불축제는 소와 말 등 가축 방목을 위해 중산간 초지의 해묵은 풀을 없애고| 해충을 구제하기 위해 마을별로 늦겨울에서 초 봄 사이 목야지 들판에 불을 놓았던 ''''''''방애''''''''라는 제주의 옛 목축문화를 현대적 감각에 맞게 재현하여 관광 상품화한 문화관광축제입니다.,제주시관광축제추진협의회,Q01
F0915,2019 제주왕벚꽃축제,꽃놀이,"애월읍 장전리, 전농로",3,제주왕벚꽃축제는 제주 자생이면서 천연기념물(159호)인 왕벚꽃을 테마로 하는 축제로| 제주 봄을 대표하는 관광축제입니다.,제주시관광축제추진협의회 및 읍면동 주관단체,Q01
F0916,2019 탐라문화광장 하하페스티벌,문화,북수구 광장 및 산지천 일대,6,정기적인 문화공연을 실시하여 인근 야시장(재래시장)| 탐라문화광장을 연계하는 원도심 관광코스에 시민 및 관광객을 유인하여 지역경제 활성화(6.1~7.3 매주 토요일),일도1동 축제추진위원회,Q01
F0917,2019년도 거문오름국제트레킹,문화,거문오름 일대,7,거문오름을 예약없이 탐방하고 용암길과 진물길을 걸을 수 있는 일 년에 단 한 번뿐인 기회,세계자연유산 거문오름국제트레킹 위원회,Q01
F0918,가파도청보리축제,먹거리,가파도 일대,3,해마다 봄이 되면 청보리밭 위로 푸른 물결이 굽이치는 장관을 볼 수 있는 청보리 축제,가파도청보리축제위원회,Q01
F0919,가파도청보리축제,먹거리,가파도 일원,3,청보리밭 걷기. 연날리기. 소라잡기 체험 등,가파리마을회,Q01
F0920,금능 원담축제,먹거리,금능해수욕장,7,금능 해수욕장에서 펼쳐지는 맨손 고기잡기 체험,금능원담축제추진위원회,Q01
F0921,누웨마루 페스티벌,문화,신제주 누웨마루거리,9,누웨마루거리에서 펼쳐지는 선선한 가을밤 뮤직 페스티벌,제주관광공사,Q01
F0922,덕수리 전통민속축제,역사,덕수리 민속공연장,10,불미공예. 방앗돌굴리는 노래 등,덕수리민속보존회,Q01
F0923,돈내코계곡 원앙축제,동물,돈내코계곡 일원,8,주민자치프로그램. 노래자랑 등,영천동축제위원회,Q01
F0924,방선문축제,문화,방선문입구,5,계곡에서 즐기는 문화와 예술 축제,방선문축제위원회,Q01
F0925,보목자리돔축제,먹거리,보목포구 일원,5,풍물길트기. 자리돔 맨손잡기. 자리돔가요제 등,보목자리돔축제위원회,Q01
F0926,산지천 축제,먹거리,탐라문화광장(산지천일원-용진교~북성교 구간),9,지붕 없는 박물관 마을의 볼거리 먹거리 다양한 축제 한마당,산지천축제위원회,Q01
F0927,삼다공원 야간콘서트·야몬딱털장,문화,신제주 로터리 삼다공원,4,“도심 속 잠자는 공원이 깨어난다” Every Friday| Healing day,KCTV제주방송,Q01
F0928,서귀포 3분 관광영화제,문화,김정문화회관,8,출품작 상영 및 시상식. 야외상영회. 부대행사 등,서귀포시,Q01
F0929,서귀포 유채꽃 국제걷기대회,꽃놀이,제주월드컵경기장 광장,3,서귀포의 수려한 자연경관과 봄의 정취를 알리는 유채꽃 국제걷기대회,(사)한국체육진흥회,Q01
F0930,서귀포겨울바다 국제펭귄수영대회,운동,중문색달해수욕장,1,일종의 극기체험을 통해 묵은해의 흔적을 지우고| 희망찬 새해를 설계하며 강한 정신력을 고취시키는 겨울 이벤트,사단법인 서귀포시관광협의회,Q01
F0931,서귀포칠십리축제,꽃놀이,자구리공원 일원,9,퍼레이드. 마당놀이. 전통문화 체험 등,서귀포칠십리축제조직위원회,Q01
F0932,서귀포혁신도시 야간문화콘서트 <와랑와랑 in 서귀포>,문화,제주월드컵경기장 광장,8,인기 뮤지션들과 함께하는 서귀포 뮤직페스티벌,제주관광공사,Q01
F0933,설문대할망 페스티벌 2019,문화,제주돌문화공원 및 제주도 일원,5,제주도 대표 창조 설화인 설문대할망을 기리고 세계적인 문화행사로의  발전을 위한 祭 행사 및 부대행사 개최,제주돌문화공원,Q01
F0934,성산일출축제,해돋이,성산일출봉 일원,12,성산일출봉에서 새해 첫 일출을 다 함께 반기는 축제,제주특별자치도,Q01
F0935,쇠소깍축제,문화,효돈 쇠소깍 및 하효항 일원,8,맨손 고기잡기. 다우렁길 걷기 등,효돈동연합청년회,Q01
F0936,스테핑스톤페스티벌,문화,함덕해수욕장 일대,7,제주의 여름과 다채로운 음악의 향현,스테핑스톤페스티벌 조직위,Q01
F0937,아트제주2019,예술,메종글래드 제주,11,제주 최대 규모의 국제 아트페어,사단법인 섬아트제주,Q01
F0938,예래생태체험축제,체험,예래논짓물 일원,7,생태마을탐방. 맨손으로 넙치잡기 등,예래생태체험축제위원회,Q01
F0939,이호테우축제,먹거리,이호테우해수욕장,7,제주 도심에서 즐기는 해수욕장 축제,이호테우축제위원회,Q01
F0940,제 9회 수월봉 트레일,기술,수월봉·차귀도·당산봉 일대,4,지질트레일을 즐기며 새로운 지질자원과 풍경을 즐길 수 있는 행사,제주도 세계지질공원 트레일위원회,Q01
F0941,제11회 우도소라축제,먹거리,"천진항, 우도면 일원",4,우도 특산물인 뿔소라를 주제로 다양한 시식 및 체험 행사를 진행| 마음까지 풍성한 축제,우도면연합청년회,Q01
F0942,제18회삼양검은모래축제,머드,삼양해수욕장일원,7,삼양해수욕장 검은모래를 주제로 모래찜질| 용천수 체험|  노래자랑 등 축제,삼양동연합청년회,Q01
F0943,제19회 도두오래물축제,문화,도두 오래물광장 및 도두항 일원,8,도두 오래물을 주제로 무사안녕 기원| 해양 레저 체험 등,도두1동마을회,Q01
F0944,제37회 제주유채꽃축제,꽃놀이,조랑말체험공원,4,제주의 멋진 풍경 속 유채꽃 속에 빠질 수 있는 축제의 장,제주유채꽃축제조직위원회,Q01
F0945,제3회 제주오라 청보리 & 유채꽃 축제,꽃놀이,오라동 청보리밭,4,청보리의 푸르름과 노란 유채꽃을 한눈에 감상할 수 있는 축제,농업회사법인 오라,Q01
F0946,제6회 국제전기자동차엑스포,기술,제주국제컨벤션센터(ICC JEJU),5,‘전기차의 혁신을 향해 질주하라(Drive Evolution)’을 캐치프레이즈로 전시회| 컨퍼런스| 특별프로그램| B2B프로그램| 부대행사 진행,제6회 국제전기자동차엑스포 조직위원회,Q01
F0947,제7회 월대천 축제,먹거리,월대천 일원,7,외도동에서는 월대천을 배경으로 다양한 체험 및 공연프로그램을 통해 자연 속에서 함께 어우러져 문화를 향유할 수 잇는 기회를 제공하고자 제7회 월대천 축제를 개최합니다.,외도동주민자치위원회,Q01
F0948,제주 라프 별빛축제,자연,다희연,11,빛을 매개로 한 설치| 조형 예술 작품을 감상할 수 있는 축제,(주)아트플레쉬,Q01
F0949,"제주,100년의 시간여행 - 제주다크투어",체험,제주 전역,5,제주|100년의 시간여행(3.1운동부터 제주 4.3까지) - 제주다크투어,제주관광공사,Q01
F0950,제주국제관광마라톤축제,운동,구좌종합운동장,5,제주의 파란 바닷빛과 함께 천혜의 자연 에너지를 만끽할 수 있는 “제주국제관광마라톤축제”,제주특별자치도관광협회,Q01
F0951,제주들불축제,자연,새별오름 일대,3,불·목축문화·소원성취를 소재로 한 전시·문화·체험 행사,제주시관광축제추진협의회,Q01
F0952,제주왕벚꽃축제,꽃놀이,제주시 전농로 / 애월읍 장전리 일대,3,제주의 왕벚꽃 명소에서 즐기는 축제,전농로왕벚꽃축제추진위원회,Q01
F0953,제주윈터페스티벌,겨울,제주 칠성로상점가,12,제주시 원도심에서 즐길 수 있는 제주의 겨울,제주특별자치도,Q01
F0954,제주유채꽃축제,꽃놀이,가시리 조랑말체험공원 일원,4,금혼식. 유채꽃 음식경연. 갑마장길 걷기 등,제주유채꽃축제조직위원회,Q01
F0955,제주푸드앤와인페스티벌,먹거리,제주도 일원,5,해외 및 국내 유명 셰프들이 함께 참여해 제주도의 식재료를 사용| 다양한 우리의 맛과 멋을 선보일 예정,한국푸드앤와인페스티벌,Q01
F0956,제주해비치아트페스티벌,바다,해비치호텔앤리조트,6,제주 전역에서 펼쳐지는 다양한 장르의 공연행사 등으로 공연문화발전의 선도적 역할을 수행하기 위하여 매년 제주특별자치도에서 개최되는 대규모 행사,한국문화예술회관연합회,Q01
F0957,중문칠선녀축제,역사,천제연폭포 일원,10,칠선녀제. 가요제. 예술인한마당 등,중문마을회,Q01
F0958,추자도 참굴비 대축제,먹거리,대서리 광장 일원,9,고기잡이 체험| 굴비 시식 등,추자면 축제추진위원회,Q01
F0959,탐라국입춘굿놀이,역사,목관아 일대,2,제주 원도심에서 만나는 봄맞이 축제,제주특별자치도,Q01
F0960,탐라문화콘서트 - 놀젠놀장,역사,산지천 북수구광장 일원,4,제주 원도심 활성화와 가족 관광객이 찾는 야간 명소,제주관광공사,Q01
F0961,표선해변 하얀모래축제,바다,표선해수욕장,8,비치사커대회. 백사가요제. 라이브 공연 등,표선리청년회,Q01
F0962,한라산청정 고사리축제,먹거리,한남리 국가태?센터 서측,4,고사리 꺽기풍습 체험. 사생대회 등,남원읍축제위원회,Q01
F0963,한라산청정고사리축제,먹거리,남원읍 국가태풍센터 서측,4,생명이 움트는 청정 남원읍의 자연과 함께 즐기는 한라산청정 고사리 축제,남원읍 축제위원회,Q01
F0964,한여름밤 솜반천 청소년영상문화축제,청소년,솜반천 일원,7,추억의 길 걷기대회. 영화상영 등,서홍동청소년지도협의회,Q01
